aeronave_id,aerolinea_id,matricula,modelo,categoria,capacidad_total,asientos_business,asientos_economy,tipo_combustible,anio_fabricacion,estado_aeronave
AC001,AL01,OB-1000,Airbus A320neo,NARROW_BODY,186,12,174,Jet A-1,2017,ACTIVA
AC002,AL01,OB-1001,Boeing 737-800,NARROW_BODY,189,12,177,Jet A-1,2018,ACTIVA
AC003,AL01,OB-1002,Airbus A321neo,NARROW_BODY,220,16,204,Jet A-1,2019,ACTIVA
AC004,AL02,OB-1010,Airbus A320neo,NARROW_BODY,186,12,174,Jet A-1,2018,ACTIVA
AC005,AL02,OB-1011,Boeing 737-800,NARROW_BODY,189,12,177,Jet A-1,2019,ACTIVA
AC006,AL02,OB-1012,Airbus A321neo,NARROW_BODY,220,16,204,Jet A-1,2020,ACTIVA
AC007,AL03,OB-1020,Airbus A320neo,NARROW_BODY,186,12,174,Jet A-1,2019,ACTIVA
AC008,AL03,OB-1021,Boeing 737-800,NARROW_BODY,189,12,177,Jet A-1,2020,ACTIVA
AC009,AL03,OB-1022,Airbus A321neo,NARROW_BODY,220,16,204,Jet A-1,2021,ACTIVA
AC010,AL04,OB-1030,Airbus A320neo,NARROW_BODY,186,12,174,Jet A-1,2020,ACTIVA
AC011,AL04,OB-1031,Boeing 737-800,NARROW_BODY,189,12,177,Jet A-1,2021,ACTIVA
AC012,AL04,OB-1032,Airbus A321neo,NARROW_BODY,220,16,204,Jet A-1,2022,ACTIVA
AC013,AL05,OB-1040,Airbus A320neo,NARROW_BODY,186,12,174,Jet A-1,2021,ACTIVA
AC014,AL05,OB-1041,Boeing 737-800,NARROW_BODY,189,12,177,Jet A-1,2022,ACTIVA
AC015,AL05,OB-1042,Airbus A321neo,NARROW_BODY,220,16,204,Jet A-1,2023,ACTIVA
AC016,AL06,OB-1050,Airbus A320neo,NARROW_BODY,186,12,174,Jet A-1,2022,ACTIVA
AC017,AL06,OB-1051,Boeing 737-800,NARROW_BODY,189,12,177,Jet A-1,2023,ACTIVA
AC018,AL06,OB-1052,Airbus A321neo,NARROW_BODY,220,16,204,Jet A-1,2024,ACTIVA
