aeropuerto_iata,nombre_aeropuerto,ciudad,pais,codigo_pais,zona_horaria,altitud_m,latitud,longitud
LIM,Jorge Chavez,Lima,Peru,PE,America/Lima,34,-12.0219,-77.1143
CUZ,Alejandro Velasco Astete,Cusco,Peru,PE,America/Lima,3310,-13.5357,-71.9388
AQP,Alfredo Rodriguez Ballon,Arequipa,Peru,PE,America/Lima,2562,-16.3411,-71.5831
TRU,Capitan FAP Carlos Martinez de Pinillos,Trujillo,Peru,PE,America/Lima,32,-8.0817,-79.1087
JUL,Inca Manco Capac,Juliaca,Peru,PE,America/Lima,3826,-15.4671,-70.1582
IQT,Coronel FAP Francisco Secada Vignetta,Iquitos,Peru,PE,America/Lima,93,-3.7847,-73.3088
PIU,Capitan FAP Guillermo Concha Iberico,Piura,Peru,PE,America/Lima,37,-5.2057,-80.6164
SCL,Arturo Merino Benitez,Santiago,Chile,CL,America/Santiago,474,-33.393,-70.7858
BOG,El Dorado,Bogota,Colombia,CO,America/Bogota,2548,4.7016,-74.1469
PTY,Tocumen,Ciudad de Panama,Panama,PA,America/Panama,41,9.0714,-79.3835
MIA,Miami International,Miami,Estados Unidos,US,America/New_York,2,25.7954,-80.2901
EZE,Ministro Pistarini,Buenos Aires,Argentina,AR,America/Argentina/Buenos_Aires,20,-34.8222,-58.5358
