ruta_id,origen_iata,destino_iata,distancia_km,duracion_programada_min,tipo_ruta,activa
RT001,LIM,CUZ,585,80,DOMESTICO,1
RT002,CUZ,LIM,585,80,DOMESTICO,1
RT003,LIM,AQP,765,95,DOMESTICO,1
RT004,AQP,LIM,765,95,DOMESTICO,1
RT005,LIM,TRU,490,75,DOMESTICO,1
RT006,TRU,LIM,490,75,DOMESTICO,1
RT007,LIM,JUL,840,100,DOMESTICO,1
RT008,JUL,LIM,840,100,DOMESTICO,1
RT009,LIM,IQT,1020,115,DOMESTICO,1
RT010,IQT,LIM,1020,115,DOMESTICO,1
RT011,LIM,PIU,850,100,DOMESTICO,1
RT012,PIU,LIM,850,100,DOMESTICO,1
RT013,LIM,SCL,2460,215,INTERNACIONAL,1
RT014,SCL,LIM,2460,215,INTERNACIONAL,1
RT015,LIM,BOG,1890,195,INTERNACIONAL,1
RT016,BOG,LIM,1890,195,INTERNACIONAL,1
RT017,LIM,PTY,2350,220,INTERNACIONAL,1
RT018,PTY,LIM,2350,220,INTERNACIONAL,1
RT019,LIM,MIA,4200,340,INTERNACIONAL,1
RT020,MIA,LIM,4200,340,INTERNACIONAL,1
RT021,LIM,EZE,3150,265,INTERNACIONAL,1
RT022,EZE,LIM,3150,265,INTERNACIONAL,1
