vuelo_id,piezas_facturadas,peso_facturado_kg,piezas_cabina_estimadas,piezas_extraviadas,piezas_danadas,ingreso_equipaje_usd,tiempo_entrega_promedio_min
V000001,0,0,0,0,0,0,
V000002,57,900.6,98,0,0,313.5,19
V000003,74,1228.4,119,0,0,592,20
V000004,59,1026.6,88,0,0,619.5,21
V000005,72,1310.4,101,0,0,216,22
V000006,92,1748,120,0,0,506,23
V000007,75,1485,93,0,0,600,24
V000008,95,1957,112,0,0,997.5,25
V000009,111,1665,124,0,0,333,26
V000010,51,805.8,94,0,0,280.5,27
V000011,67,1112.2,115,0,0,536,28
V000012,84,1461.6,133,0,0,882,29
V000013,75,1365,111,0,0,225,30
V000014,96,1824,133,0,0,528,31
V000015,76,1504.8,99,0,0,608,32
V000016,99,2039.4,122,0,0,1039.5,33
V000017,116,1740,136,0,0,348,34
V000018,91,1437.8,101,0,0,500.5,35
V000019,58,962.8,108,0,0,464,36
V000020,74,1287.6,126,0,0,777,37
V000021,56,1019.2,90,0,0,168,38
V000022,74,1406,109,0,0,407,39
V000023,93,1841.4,129,0,0,744,40
V000024,76,1565.6,99,0,0,798,41
V000025,91,1365,113,0,0,273,42
V000026,71,1121.8,83,0,0,390.5,43
V000027,93,1543.8,104,0,0,744,44
V000028,66,1148.4,122,0,0,693,45
V000029,50,910,85,0,0,150,18
V000030,66,1254,105,0,0,363,19
V000031,97,1920.6,144,0,0,776,20
V000032,78,1606.8,109,0,0,819,21
V000033,94,1410,123,0,0,282,22
V000034,118,1864.4,147,0,0,649,23
V000035,96,1593.6,112,0,0,768,24
V000036,121,2105.4,135,0,0,1270.5,25
V000037,42,764.4,79,0,0,126,26
V000038,57,1083,98,0,0,313.5,27
V000039,74,1465.2,119,0,0,592,28
V000040,59,1215.4,88,0,0,619.5,29
V000041,72,1080,101,0,0,216,30
V000042,92,1453.6,120,0,0,506,31
V000043,75,1245,93,0,0,600,32
V000044,95,1653,112,0,0,997.5,33
V000045,111,2020.2,124,0,0,333,34
V000046,51,969,94,0,0,280.5,35
V000047,67,1326.6,115,0,0,536,36
V000048,84,1730.4,133,0,0,882,37
V000049,75,1125,111,0,0,225,38
V000050,96,1516.8,133,0,0,528,39
V000051,76,1261.6,99,0,0,608,40
V000052,99,1722.6,122,0,0,1039.5,41
V000053,116,2111.2,136,0,0,348,42
V000054,91,1729,101,0,0,500.5,43
V000055,58,1148.4,108,0,0,464,44
V000056,74,1524.4,126,0,0,777,45
V000057,56,840,90,0,0,168,18
V000058,74,1169.2,109,0,0,407,19
V000059,93,1543.8,129,0,0,744,20
V000060,76,1322.4,99,0,0,798,21
V000061,91,1656.2,113,0,0,273,22
V000062,71,1349,83,0,0,390.5,23
V000063,93,1841.4,104,0,0,744,24
V000064,66,1359.6,122,0,0,693,25
V000065,50,750,85,0,0,150,26
V000066,66,1042.8,105,0,0,363,27
V000067,97,1610.2,144,0,0,776,28
V000068,78,1357.2,109,0,0,819,29
V000069,94,1710.8,123,0,0,282,30
V000070,118,2242,147,0,0,649,31
V000071,96,1900.8,112,0,0,768,32
V000072,0,0,0,0,0,0,
V000073,42,630,79,0,0,126,34
V000074,57,900.6,98,0,0,313.5,35
V000075,74,1228.4,119,0,0,592,36
V000076,59,1026.6,88,0,0,619.5,37
V000077,72,1310.4,101,0,0,216,38
V000078,92,1748,120,0,0,506,39
V000079,75,1485,93,0,0,600,40
V000080,95,1957,112,0,0,997.5,41
V000081,111,1665,124,0,0,333,42
V000082,51,805.8,94,0,0,280.5,43
V000083,67,1112.2,115,0,0,536,44
V000084,84,1461.6,133,0,0,882,45
V000085,75,1365,111,0,0,225,18
V000086,96,1824,133,0,0,528,19
V000087,76,1504.8,99,0,0,608,20
V000088,99,2039.4,122,0,0,1039.5,21
V000089,116,1740,136,0,0,348,22
V000090,91,1437.8,101,2,0,500.5,23
V000091,58,962.8,108,0,0,464,24
V000092,74,1287.6,126,0,0,777,25
V000093,56,1019.2,90,0,0,168,26
V000094,74,1406,109,0,0,407,27
V000095,93,1841.4,129,0,0,744,28
V000096,76,1565.6,99,0,0,798,29
V000097,91,1365,113,0,0,273,30
V000098,71,1121.8,83,0,0,390.5,31
V000099,93,1543.8,104,0,0,744,32
V000100,66,1148.4,122,0,0,693,33
V000101,50,910,85,0,0,150,34
V000102,66,1254,105,0,0,363,35
V000103,97,1920.6,144,0,0,776,36
V000104,78,1606.8,109,0,1,819,37
V000105,94,1410,123,0,0,282,38
V000106,118,1864.4,147,0,0,649,39
V000107,96,1593.6,112,0,0,768,40
V000108,121,2105.4,135,0,0,1270.5,41
V000109,42,764.4,79,0,0,126,42
V000110,57,1083,98,0,0,313.5,43
V000111,74,1465.2,119,0,0,592,44
V000112,59,1215.4,88,0,0,619.5,45
V000113,72,1080,101,0,0,216,18
V000114,92,1453.6,120,0,0,506,19
V000115,75,1245,93,0,0,600,20
V000116,95,1653,112,0,0,997.5,21
V000117,111,2020.2,124,0,0,333,22
V000118,51,969,94,0,0,280.5,23
V000119,67,1326.6,115,0,0,536,24
V000120,84,1730.4,133,0,0,882,25
V000121,75,1125,111,0,0,225,26
V000122,96,1516.8,133,0,0,528,27
V000123,76,1261.6,99,0,0,608,28
V000124,99,1722.6,122,0,0,1039.5,29
V000125,116,2111.2,136,0,0,348,30
V000126,91,1729,101,0,0,500.5,31
V000127,58,1148.4,108,0,0,464,32
V000128,74,1524.4,126,0,0,777,33
V000129,56,840,90,0,0,168,34
V000130,74,1169.2,109,0,0,407,35
V000131,93,1543.8,129,0,0,744,36
V000132,76,1322.4,99,0,0,798,37
V000133,91,1656.2,113,0,0,273,38
V000134,71,1349,83,0,0,390.5,39
V000135,93,1841.4,104,0,0,744,40
V000136,66,1359.6,122,0,0,693,41
V000137,50,750,85,0,0,150,42
V000138,66,1042.8,105,0,0,363,43
V000139,97,1610.2,144,0,0,776,44
V000140,78,1357.2,109,0,0,819,45
V000141,94,1710.8,123,0,0,282,18
V000142,118,2242,147,0,0,649,19
V000143,0,0,0,0,0,0,
V000144,121,2492.6,135,0,0,1270.5,21
V000145,42,630,79,0,0,126,22
V000146,57,900.6,98,0,0,313.5,23
V000147,74,1228.4,119,0,0,592,24
V000148,59,1026.6,88,0,0,619.5,25
V000149,72,1310.4,101,0,0,216,26
V000150,92,1748,120,0,0,506,27
V000151,75,1485,93,0,0,600,28
V000152,95,1957,112,0,0,997.5,29
V000153,111,1665,124,0,0,333,30
V000154,51,805.8,94,0,0,280.5,31
V000155,67,1112.2,115,0,0,536,32
V000156,84,1461.6,133,0,0,882,33
V000157,75,1365,111,0,0,225,34
V000158,96,1824,133,0,0,528,35
V000159,76,1504.8,99,0,0,608,36
V000160,99,2039.4,122,0,0,1039.5,37
V000161,116,1740,136,0,0,348,38
V000162,91,1437.8,101,0,0,500.5,39
V000163,58,962.8,108,0,0,464,40
V000164,74,1287.6,126,0,0,777,41
V000165,56,1019.2,90,0,0,168,42
V000166,74,1406,109,0,0,407,43
V000167,93,1841.4,129,0,0,744,44
V000168,76,1565.6,99,0,0,798,45
V000169,91,1365,113,0,0,273,18
V000170,71,1121.8,83,0,0,390.5,19
V000171,93,1543.8,104,0,0,744,20
V000172,66,1148.4,122,0,0,693,21
V000173,50,910,85,0,0,150,22
V000174,66,1254,105,0,0,363,23
V000175,97,1920.6,144,0,0,776,24
V000176,78,1606.8,109,0,0,819,25
V000177,94,1410,123,0,0,282,26
V000178,118,1864.4,147,0,0,649,27
V000179,96,1593.6,112,2,0,768,28
V000180,121,2105.4,135,0,0,1270.5,29
V000181,42,764.4,79,0,0,126,30
V000182,57,1083,98,0,0,313.5,31
V000183,74,1465.2,119,0,0,592,32
V000184,59,1215.4,88,0,0,619.5,33
V000185,72,1080,101,0,0,216,34
V000186,92,1453.6,120,0,0,506,35
V000187,75,1245,93,0,0,600,36
V000188,95,1653,112,0,0,997.5,37
V000189,111,2020.2,124,0,0,333,38
V000190,51,969,94,0,0,280.5,39
V000191,67,1326.6,115,0,0,536,40
V000192,84,1730.4,133,0,0,882,41
V000193,75,1125,111,0,0,225,42
V000194,96,1516.8,133,0,0,528,43
V000195,76,1261.6,99,0,0,608,44
V000196,99,1722.6,122,0,0,1039.5,45
V000197,116,2111.2,136,0,0,348,18
V000198,91,1729,101,0,0,500.5,19
V000199,58,1148.4,108,0,0,464,20
V000200,74,1524.4,126,0,0,777,21
V000201,56,840,90,0,0,168,22
V000202,74,1169.2,109,0,0,407,23
V000203,93,1543.8,129,0,0,744,24
V000204,76,1322.4,99,0,0,798,25
V000205,91,1656.2,113,0,0,273,26
V000206,71,1349,83,0,0,390.5,27
V000207,93,1841.4,104,0,1,744,28
V000208,66,1359.6,122,0,0,693,29
V000209,50,750,85,0,0,150,30
V000210,66,1042.8,105,0,0,363,31
V000211,97,1610.2,144,0,0,776,32
V000212,78,1357.2,109,0,0,819,33
V000213,94,1710.8,123,0,0,282,34
V000214,0,0,0,0,0,0,
V000215,96,1900.8,112,0,0,768,36
V000216,121,2492.6,135,0,0,1270.5,37
V000217,42,630,79,0,0,126,38
V000218,57,900.6,98,0,0,313.5,39
V000219,74,1228.4,119,0,0,592,40
V000220,59,1026.6,88,0,0,619.5,41
V000221,72,1310.4,101,0,0,216,42
V000222,92,1748,120,0,0,506,43
V000223,75,1485,93,0,0,600,44
V000224,95,1957,112,0,0,997.5,45
V000225,111,1665,124,0,0,333,18
V000226,51,805.8,94,0,0,280.5,19
V000227,67,1112.2,115,0,0,536,20
V000228,84,1461.6,133,0,0,882,21
V000229,75,1365,111,0,0,225,22
V000230,96,1824,133,0,0,528,23
V000231,76,1504.8,99,0,0,608,24
V000232,99,2039.4,122,0,0,1039.5,25
V000233,116,1740,136,0,0,348,26
V000234,91,1437.8,101,0,0,500.5,27
V000235,58,962.8,108,0,0,464,28
V000236,74,1287.6,126,0,0,777,29
V000237,56,1019.2,90,0,0,168,30
V000238,74,1406,109,0,0,407,31
V000239,93,1841.4,129,0,0,744,32
V000240,76,1565.6,99,0,0,798,33
V000241,91,1365,113,0,0,273,34
V000242,71,1121.8,83,0,0,390.5,35
V000243,93,1543.8,104,0,0,744,36
V000244,66,1148.4,122,0,0,693,37
V000245,50,910,85,0,0,150,38
V000246,66,1254,105,0,0,363,39
V000247,97,1920.6,144,0,0,776,40
V000248,78,1606.8,109,0,0,819,41
V000249,94,1410,123,0,0,282,42
V000250,118,1864.4,147,0,0,649,43
V000251,96,1593.6,112,0,0,768,44
V000252,121,2105.4,135,0,0,1270.5,45
V000253,42,764.4,79,0,0,126,18
V000254,57,1083,98,0,0,313.5,19
V000255,74,1465.2,119,0,0,592,20
V000256,59,1215.4,88,0,0,619.5,21
V000257,72,1080,101,0,0,216,22
V000258,92,1453.6,120,0,0,506,23
V000259,75,1245,93,0,0,600,24
V000260,95,1653,112,0,0,997.5,25
V000261,111,2020.2,124,0,0,333,26
V000262,51,969,94,0,0,280.5,27
V000263,67,1326.6,115,0,0,536,28
V000264,84,1730.4,133,0,0,882,29
V000265,75,1125,111,0,0,225,30
V000266,96,1516.8,133,0,0,528,31
V000267,76,1261.6,99,0,0,608,32
V000268,99,1722.6,122,2,0,1039.5,33
V000269,116,2111.2,136,0,0,348,34
V000270,91,1729,101,0,0,500.5,35
V000271,58,1148.4,108,0,0,464,36
V000272,74,1524.4,126,0,0,777,37
V000273,56,840,90,0,0,168,38
V000274,74,1169.2,109,0,0,407,39
V000275,93,1543.8,129,0,0,744,40
V000276,76,1322.4,99,0,0,798,41
V000277,91,1656.2,113,0,0,273,42
V000278,71,1349,83,0,0,390.5,43
V000279,93,1841.4,104,0,0,744,44
V000280,66,1359.6,122,0,0,693,45
V000281,50,750,85,0,0,150,18
V000282,66,1042.8,105,0,0,363,19
V000283,97,1610.2,144,0,0,776,20
V000284,78,1357.2,109,0,0,819,21
V000285,0,0,0,0,0,0,
V000286,118,2242,147,0,0,649,23
V000287,96,1900.8,112,0,0,768,24
V000288,121,2492.6,135,0,0,1270.5,25
V000289,42,630,79,0,0,126,26
V000290,57,900.6,98,0,0,313.5,27
V000291,74,1228.4,119,0,0,592,28
V000292,59,1026.6,88,0,0,619.5,29
V000293,72,1310.4,101,0,0,216,30
V000294,92,1748,120,0,0,506,31
V000295,75,1485,93,0,0,600,32
V000296,95,1957,112,0,0,997.5,33
V000297,111,1665,124,0,0,333,34
V000298,51,805.8,94,0,0,280.5,35
V000299,67,1112.2,115,0,0,536,36
V000300,84,1461.6,133,0,0,882,37
V000301,75,1365,111,0,0,225,38
V000302,96,1824,133,0,0,528,39
V000303,76,1504.8,99,0,0,608,40
V000304,99,2039.4,122,0,0,1039.5,41
V000305,116,1740,136,0,0,348,42
V000306,91,1437.8,101,0,0,500.5,43
V000307,58,962.8,108,0,0,464,44
V000308,74,1287.6,126,0,0,777,45
V000309,56,1019.2,90,0,0,168,18
V000310,74,1406,109,0,1,407,19
V000311,93,1841.4,129,0,0,744,20
V000312,76,1565.6,99,0,0,798,21
V000313,91,1365,113,0,0,273,22
V000314,71,1121.8,83,0,0,390.5,23
V000315,93,1543.8,104,0,0,744,24
V000316,66,1148.4,122,0,0,693,25
V000317,50,910,85,0,0,150,26
V000318,66,1254,105,0,0,363,27
V000319,97,1920.6,144,0,0,776,28
V000320,78,1606.8,109,0,0,819,29
V000321,94,1410,123,0,0,282,30
V000322,118,1864.4,147,0,0,649,31
V000323,96,1593.6,112,0,0,768,32
V000324,121,2105.4,135,0,0,1270.5,33
V000325,42,764.4,79,0,0,126,34
V000326,57,1083,98,0,0,313.5,35
V000327,74,1465.2,119,0,0,592,36
V000328,59,1215.4,88,0,0,619.5,37
V000329,72,1080,101,0,0,216,38
V000330,92,1453.6,120,0,0,506,39
V000331,75,1245,93,0,0,600,40
V000332,95,1653,112,0,0,997.5,41
V000333,111,2020.2,124,0,0,333,42
V000334,51,969,94,0,0,280.5,43
V000335,67,1326.6,115,0,0,536,44
V000336,84,1730.4,133,0,0,882,45
V000337,75,1125,111,0,0,225,18
V000338,96,1516.8,133,0,0,528,19
V000339,76,1261.6,99,0,0,608,20
V000340,99,1722.6,122,0,0,1039.5,21
V000341,116,2111.2,136,0,0,348,22
V000342,91,1729,101,0,0,500.5,23
V000343,58,1148.4,108,0,0,464,24
V000344,74,1524.4,126,0,0,777,25
V000345,56,840,90,0,0,168,26
V000346,74,1169.2,109,0,0,407,27
V000347,93,1543.8,129,0,0,744,28
V000348,76,1322.4,99,0,0,798,29
V000349,91,1656.2,113,0,0,273,30
V000350,71,1349,83,0,0,390.5,31
V000351,93,1841.4,104,0,0,744,32
V000352,66,1359.6,122,0,0,693,33
V000353,50,750,85,0,0,150,34
V000354,66,1042.8,105,0,0,363,35
V000355,97,1610.2,144,0,0,776,36
V000356,0,0,0,0,0,0,
V000357,94,1710.8,123,2,0,282,38
V000358,118,2242,147,0,0,649,39
V000359,96,1900.8,112,0,0,768,40
V000360,121,2492.6,135,0,0,1270.5,41
V000361,42,630,79,0,0,126,42
V000362,57,900.6,98,0,0,313.5,43
V000363,74,1228.4,119,0,0,592,44
V000364,59,1026.6,88,0,0,619.5,45
V000365,72,1310.4,101,0,0,216,18
V000366,92,1748,120,0,0,506,19
V000367,75,1485,93,0,0,600,20
V000368,95,1957,112,0,0,997.5,21
V000369,111,1665,124,0,0,333,22
V000370,51,805.8,94,0,0,280.5,23
V000371,67,1112.2,115,0,0,536,24
V000372,84,1461.6,133,0,0,882,25
V000373,75,1365,111,0,0,225,26
V000374,96,1824,133,0,0,528,27
V000375,76,1504.8,99,0,0,608,28
V000376,99,2039.4,122,0,0,1039.5,29
V000377,116,1740,136,0,0,348,30
V000378,91,1437.8,101,0,0,500.5,31
V000379,58,962.8,108,0,0,464,32
V000380,74,1287.6,126,0,0,777,33
V000381,56,1019.2,90,0,0,168,34
V000382,74,1406,109,0,0,407,35
V000383,93,1841.4,129,0,0,744,36
V000384,76,1565.6,99,0,0,798,37
V000385,91,1365,113,0,0,273,38
V000386,71,1121.8,83,0,0,390.5,39
V000387,93,1543.8,104,0,0,744,40
V000388,66,1148.4,122,0,0,693,41
V000389,50,910,85,0,0,150,42
V000390,66,1254,105,0,0,363,43
V000391,97,1920.6,144,0,0,776,44
V000392,78,1606.8,109,0,0,819,45
V000393,94,1410,123,0,0,282,18
V000394,118,1864.4,147,0,0,649,19
V000395,96,1593.6,112,0,0,768,20
V000396,121,2105.4,135,0,0,1270.5,21
V000397,42,764.4,79,0,0,126,22
V000398,57,1083,98,0,0,313.5,23
V000399,74,1465.2,119,0,0,592,24
V000400,59,1215.4,88,0,0,619.5,25
V000401,72,1080,101,0,0,216,26
V000402,92,1453.6,120,0,0,506,27
V000403,75,1245,93,0,0,600,28
V000404,95,1653,112,0,0,997.5,29
V000405,111,2020.2,124,0,0,333,30
V000406,51,969,94,0,0,280.5,31
V000407,67,1326.6,115,0,0,536,32
V000408,84,1730.4,133,0,0,882,33
V000409,75,1125,111,0,0,225,34
V000410,96,1516.8,133,0,0,528,35
V000411,76,1261.6,99,0,0,608,36
V000412,99,1722.6,122,0,0,1039.5,37
V000413,116,2111.2,136,0,1,348,38
V000414,91,1729,101,0,0,500.5,39
V000415,58,1148.4,108,0,0,464,40
V000416,74,1524.4,126,0,0,777,41
V000417,56,840,90,0,0,168,42
V000418,74,1169.2,109,0,0,407,43
V000419,93,1543.8,129,0,0,744,44
V000420,76,1322.4,99,0,0,798,45
V000421,91,1656.2,113,0,0,273,18
V000422,71,1349,83,0,0,390.5,19
V000423,93,1841.4,104,0,0,744,20
V000424,66,1359.6,122,0,0,693,21
V000425,50,750,85,0,0,150,22
V000426,66,1042.8,105,0,0,363,23
V000427,0,0,0,0,0,0,
V000428,78,1357.2,109,0,0,819,25
V000429,94,1710.8,123,0,0,282,26
V000430,118,2242,147,0,0,649,27
V000431,96,1900.8,112,0,0,768,28
V000432,121,2492.6,135,0,0,1270.5,29
V000433,42,630,79,0,0,126,30
V000434,57,900.6,98,0,0,313.5,31
V000435,74,1228.4,119,0,0,592,32
V000436,59,1026.6,88,0,0,619.5,33
V000437,72,1310.4,101,0,0,216,34
V000438,92,1748,120,0,0,506,35
V000439,75,1485,93,0,0,600,36
V000440,95,1957,112,0,0,997.5,37
V000441,111,1665,124,0,0,333,38
V000442,51,805.8,94,0,0,280.5,39
V000443,67,1112.2,115,0,0,536,40
V000444,84,1461.6,133,0,0,882,41
V000445,75,1365,111,0,0,225,42
V000446,96,1824,133,2,0,528,43
V000447,76,1504.8,99,0,0,608,44
V000448,99,2039.4,122,0,0,1039.5,45
V000449,116,1740,136,0,0,348,18
V000450,91,1437.8,101,0,0,500.5,19
V000451,58,962.8,108,0,0,464,20
V000452,74,1287.6,126,0,0,777,21
V000453,56,1019.2,90,0,0,168,22
V000454,74,1406,109,0,0,407,23
V000455,93,1841.4,129,0,0,744,24
V000456,76,1565.6,99,0,0,798,25
V000457,91,1365,113,0,0,273,26
V000458,71,1121.8,83,0,0,390.5,27
V000459,93,1543.8,104,0,0,744,28
V000460,66,1148.4,122,0,0,693,29
V000461,50,910,85,0,0,150,30
V000462,66,1254,105,0,0,363,31
V000463,97,1920.6,144,0,0,776,32
V000464,78,1606.8,109,0,0,819,33
V000465,94,1410,123,0,0,282,34
V000466,118,1864.4,147,0,0,649,35
V000467,96,1593.6,112,0,0,768,36
V000468,121,2105.4,135,0,0,1270.5,37
V000469,42,764.4,79,0,0,126,38
V000470,57,1083,98,0,0,313.5,39
V000471,74,1465.2,119,0,0,592,40
V000472,59,1215.4,88,0,0,619.5,41
V000473,72,1080,101,0,0,216,42
V000474,92,1453.6,120,0,0,506,43
V000475,75,1245,93,0,0,600,44
V000476,95,1653,112,0,0,997.5,45
V000477,111,2020.2,124,0,0,333,18
V000478,51,969,94,0,0,280.5,19
V000479,67,1326.6,115,0,0,536,20
V000480,84,1730.4,133,0,0,882,21
V000481,75,1125,111,0,0,225,22
V000482,96,1516.8,133,0,0,528,23
V000483,76,1261.6,99,0,0,608,24
V000484,99,1722.6,122,0,0,1039.5,25
V000485,116,2111.2,136,0,0,348,26
V000486,91,1729,101,0,0,500.5,27
V000487,58,1148.4,108,0,0,464,28
V000488,74,1524.4,126,0,0,777,29
V000489,56,840,90,0,0,168,30
V000490,74,1169.2,109,0,0,407,31
V000491,93,1543.8,129,0,0,744,32
V000492,76,1322.4,99,0,0,798,33
V000493,91,1656.2,113,0,0,273,34
V000494,71,1349,83,0,0,390.5,35
V000495,93,1841.4,104,0,0,744,36
V000496,66,1359.6,122,0,0,693,37
V000497,50,750,85,0,0,150,38
V000498,0,0,0,0,0,0,
V000499,97,1610.2,144,0,0,776,40
V000500,78,1357.2,109,0,0,819,41
V000501,94,1710.8,123,0,0,282,42
V000502,118,2242,147,0,0,649,43
V000503,96,1900.8,112,0,0,768,44
V000504,121,2492.6,135,0,0,1270.5,45
V000505,42,630,79,0,0,126,18
V000506,57,900.6,98,0,0,313.5,19
V000507,74,1228.4,119,0,0,592,20
V000508,59,1026.6,88,0,0,619.5,21
V000509,72,1310.4,101,0,0,216,22
V000510,92,1748,120,0,0,506,23
V000511,75,1485,93,0,0,600,24
V000512,95,1957,112,0,0,997.5,25
V000513,111,1665,124,0,0,333,26
V000514,51,805.8,94,0,0,280.5,27
V000515,67,1112.2,115,0,0,536,28
V000516,84,1461.6,133,0,1,882,29
V000517,75,1365,111,0,0,225,30
V000518,96,1824,133,0,0,528,31
V000519,76,1504.8,99,0,0,608,32
V000520,99,2039.4,122,0,0,1039.5,33
V000521,116,1740,136,0,0,348,34
V000522,91,1437.8,101,0,0,500.5,35
V000523,58,962.8,108,0,0,464,36
V000524,74,1287.6,126,0,0,777,37
V000525,56,1019.2,90,0,0,168,38
V000526,74,1406,109,0,0,407,39
V000527,93,1841.4,129,0,0,744,40
V000528,76,1565.6,99,0,0,798,41
V000529,91,1365,113,0,0,273,42
V000530,71,1121.8,83,0,0,390.5,43
V000531,93,1543.8,104,0,0,744,44
V000532,66,1148.4,122,0,0,693,45
V000533,50,910,85,0,0,150,18
V000534,66,1254,105,0,0,363,19
V000535,97,1920.6,144,2,0,776,20
V000536,78,1606.8,109,0,0,819,21
V000537,94,1410,123,0,0,282,22
V000538,118,1864.4,147,0,0,649,23
V000539,96,1593.6,112,0,0,768,24
V000540,121,2105.4,135,0,0,1270.5,25
V000541,42,764.4,79,0,0,126,26
V000542,57,1083,98,0,0,313.5,27
V000543,74,1465.2,119,0,0,592,28
V000544,59,1215.4,88,0,0,619.5,29
V000545,72,1080,101,0,0,216,30
V000546,92,1453.6,120,0,0,506,31
V000547,75,1245,93,0,0,600,32
V000548,95,1653,112,0,0,997.5,33
V000549,111,2020.2,124,0,0,333,34
V000550,51,969,94,0,0,280.5,35
V000551,67,1326.6,115,0,0,536,36
V000552,84,1730.4,133,0,0,882,37
V000553,75,1125,111,0,0,225,38
V000554,96,1516.8,133,0,0,528,39
V000555,76,1261.6,99,0,0,608,40
V000556,99,1722.6,122,0,0,1039.5,41
V000557,116,2111.2,136,0,0,348,42
V000558,91,1729,101,0,0,500.5,43
V000559,58,1148.4,108,0,0,464,44
V000560,74,1524.4,126,0,0,777,45
V000561,56,840,90,0,0,168,18
V000562,74,1169.2,109,0,0,407,19
V000563,93,1543.8,129,0,0,744,20
V000564,76,1322.4,99,0,0,798,21
V000565,91,1656.2,113,0,0,273,22
V000566,71,1349,83,0,0,390.5,23
V000567,93,1841.4,104,0,0,744,24
V000568,66,1359.6,122,0,0,693,25
V000569,0,0,0,0,0,0,
V000570,66,1042.8,105,0,0,363,27
V000571,97,1610.2,144,0,0,776,28
V000572,78,1357.2,109,0,0,819,29
V000573,94,1710.8,123,0,0,282,30
V000574,118,2242,147,0,0,649,31
V000575,96,1900.8,112,0,0,768,32
V000576,121,2492.6,135,0,0,1270.5,33
V000577,42,630,79,0,0,126,34
V000578,57,900.6,98,0,0,313.5,35
V000579,74,1228.4,119,0,0,592,36
V000580,59,1026.6,88,0,0,619.5,37
V000581,72,1310.4,101,0,0,216,38
V000582,92,1748,120,0,0,506,39
V000583,75,1485,93,0,0,600,40
V000584,95,1957,112,0,0,997.5,41
V000585,111,1665,124,0,0,333,42
V000586,51,805.8,94,0,0,280.5,43
V000587,67,1112.2,115,0,0,536,44
V000588,84,1461.6,133,0,0,882,45
V000589,75,1365,111,0,0,225,18
V000590,96,1824,133,0,0,528,19
V000591,76,1504.8,99,0,0,608,20
V000592,99,2039.4,122,0,0,1039.5,21
V000593,116,1740,136,0,0,348,22
V000594,91,1437.8,101,0,0,500.5,23
V000595,58,962.8,108,0,0,464,24
V000596,74,1287.6,126,0,0,777,25
V000597,56,1019.2,90,0,0,168,26
V000598,74,1406,109,0,0,407,27
V000599,93,1841.4,129,0,0,744,28
V000600,76,1565.6,99,0,0,798,29
V000601,91,1365,113,0,0,273,30
V000602,71,1121.8,83,0,0,390.5,31
V000603,93,1543.8,104,0,0,744,32
V000604,66,1148.4,122,0,0,693,33
V000605,50,910,85,0,0,150,34
V000606,66,1254,105,0,0,363,35
V000607,97,1920.6,144,0,0,776,36
V000608,78,1606.8,109,0,0,819,37
V000609,94,1410,123,0,0,282,38
V000610,118,1864.4,147,0,0,649,39
V000611,96,1593.6,112,0,0,768,40
V000612,121,2105.4,135,0,0,1270.5,41
V000613,42,764.4,79,0,0,126,42
V000614,57,1083,98,0,0,313.5,43
V000615,74,1465.2,119,0,0,592,44
V000616,59,1215.4,88,0,0,619.5,45
V000617,72,1080,101,0,0,216,18
V000618,92,1453.6,120,0,0,506,19
V000619,75,1245,93,0,1,600,20
V000620,95,1653,112,0,0,997.5,21
V000621,111,2020.2,124,0,0,333,22
V000622,51,969,94,0,0,280.5,23
V000623,67,1326.6,115,0,0,536,24
V000624,84,1730.4,133,2,0,882,25
V000625,75,1125,111,0,0,225,26
V000626,96,1516.8,133,0,0,528,27
V000627,76,1261.6,99,0,0,608,28
V000628,99,1722.6,122,0,0,1039.5,29
V000629,116,2111.2,136,0,0,348,30
V000630,91,1729,101,0,0,500.5,31
V000631,58,1148.4,108,0,0,464,32
V000632,74,1524.4,126,0,0,777,33
V000633,56,840,90,0,0,168,34
V000634,74,1169.2,109,0,0,407,35
V000635,93,1543.8,129,0,0,744,36
V000636,76,1322.4,99,0,0,798,37
V000637,91,1656.2,113,0,0,273,38
V000638,71,1349,83,0,0,390.5,39
V000639,93,1841.4,104,0,0,744,40
V000640,0,0,0,0,0,0,
V000641,50,750,85,0,0,150,42
V000642,66,1042.8,105,0,0,363,43
V000643,97,1610.2,144,0,0,776,44
V000644,78,1357.2,109,0,0,819,45
V000645,94,1710.8,123,0,0,282,18
V000646,118,2242,147,0,0,649,19
V000647,96,1900.8,112,0,0,768,20
V000648,121,2492.6,135,0,0,1270.5,21
V000649,42,630,79,0,0,126,22
V000650,57,900.6,98,0,0,313.5,23
V000651,74,1228.4,119,0,0,592,24
V000652,59,1026.6,88,0,0,619.5,25
V000653,72,1310.4,101,0,0,216,26
V000654,92,1748,120,0,0,506,27
V000655,75,1485,93,0,0,600,28
V000656,95,1957,112,0,0,997.5,29
V000657,111,1665,124,0,0,333,30
V000658,51,805.8,94,0,0,280.5,31
V000659,67,1112.2,115,0,0,536,32
V000660,84,1461.6,133,0,0,882,33
V000661,75,1365,111,0,0,225,34
V000662,96,1824,133,0,0,528,35
V000663,76,1504.8,99,0,0,608,36
V000664,99,2039.4,122,0,0,1039.5,37
V000665,116,1740,136,0,0,348,38
V000666,91,1437.8,101,0,0,500.5,39
V000667,58,962.8,108,0,0,464,40
V000668,74,1287.6,126,0,0,777,41
V000669,56,1019.2,90,0,0,168,42
V000670,74,1406,109,0,0,407,43
V000671,93,1841.4,129,0,0,744,44
V000672,76,1565.6,99,0,0,798,45
V000673,91,1365,113,0,0,273,18
V000674,71,1121.8,83,0,0,390.5,19
V000675,93,1543.8,104,0,0,744,20
V000676,66,1148.4,122,0,0,693,21
V000677,50,910,85,0,0,150,22
V000678,66,1254,105,0,0,363,23
V000679,97,1920.6,144,0,0,776,24
V000680,78,1606.8,109,0,0,819,25
V000681,94,1410,123,0,0,282,26
V000682,118,1864.4,147,0,0,649,27
V000683,96,1593.6,112,0,0,768,28
V000684,121,2105.4,135,0,0,1270.5,29
V000685,42,764.4,79,0,0,126,30
V000686,57,1083,98,0,0,313.5,31
V000687,74,1465.2,119,0,0,592,32
V000688,59,1215.4,88,0,0,619.5,33
V000689,72,1080,101,0,0,216,34
V000690,92,1453.6,120,0,0,506,35
V000691,75,1245,93,0,0,600,36
V000692,95,1653,112,0,0,997.5,37
V000693,111,2020.2,124,0,0,333,38
V000694,51,969,94,0,0,280.5,39
V000695,67,1326.6,115,0,0,536,40
V000696,84,1730.4,133,0,0,882,41
V000697,75,1125,111,0,0,225,42
V000698,96,1516.8,133,0,0,528,43
V000699,76,1261.6,99,0,0,608,44
V000700,99,1722.6,122,0,0,1039.5,45
V000701,116,2111.2,136,0,0,348,18
V000702,91,1729,101,0,0,500.5,19
V000703,58,1148.4,108,0,0,464,20
V000704,74,1524.4,126,0,0,777,21
V000705,56,840,90,0,0,168,22
V000706,74,1169.2,109,0,0,407,23
V000707,93,1543.8,129,0,0,744,24
V000708,76,1322.4,99,0,0,798,25
V000709,91,1656.2,113,0,0,273,26
V000710,71,1349,83,0,0,390.5,27
V000711,0,0,0,0,0,0,
V000712,66,1359.6,122,0,0,693,29
V000713,50,750,85,2,0,150,30
V000714,66,1042.8,105,0,0,363,31
V000715,97,1610.2,144,0,0,776,32
V000716,78,1357.2,109,0,0,819,33
V000717,94,1710.8,123,0,0,282,34
V000718,118,2242,147,0,0,649,35
V000719,96,1900.8,112,0,0,768,36
V000720,121,2492.6,135,0,0,1270.5,37
V000721,42,630,79,0,0,126,38
V000722,57,900.6,98,0,1,313.5,39
V000723,74,1228.4,119,0,0,592,40
V000724,59,1026.6,88,0,0,619.5,41
V000725,72,1310.4,101,0,0,216,42
V000726,92,1748,120,0,0,506,43
V000727,75,1485,93,0,0,600,44
V000728,95,1957,112,0,0,997.5,45
V000729,111,1665,124,0,0,333,18
V000730,51,805.8,94,0,0,280.5,19
V000731,67,1112.2,115,0,0,536,20
V000732,84,1461.6,133,0,0,882,21
V000733,75,1365,111,0,0,225,22
V000734,96,1824,133,0,0,528,23
V000735,76,1504.8,99,0,0,608,24
V000736,99,2039.4,122,0,0,1039.5,25
V000737,116,1740,136,0,0,348,26
V000738,91,1437.8,101,0,0,500.5,27
V000739,58,962.8,108,0,0,464,28
V000740,74,1287.6,126,0,0,777,29
V000741,56,1019.2,90,0,0,168,30
V000742,74,1406,109,0,0,407,31
V000743,93,1841.4,129,0,0,744,32
V000744,76,1565.6,99,0,0,798,33
V000745,91,1365,113,0,0,273,34
V000746,71,1121.8,83,0,0,390.5,35
V000747,93,1543.8,104,0,0,744,36
V000748,66,1148.4,122,0,0,693,37
V000749,50,910,85,0,0,150,38
V000750,66,1254,105,0,0,363,39
V000751,97,1920.6,144,0,0,776,40
V000752,78,1606.8,109,0,0,819,41
V000753,94,1410,123,0,0,282,42
V000754,118,1864.4,147,0,0,649,43
V000755,96,1593.6,112,0,0,768,44
V000756,121,2105.4,135,0,0,1270.5,45
V000757,42,764.4,79,0,0,126,18
V000758,57,1083,98,0,0,313.5,19
V000759,74,1465.2,119,0,0,592,20
V000760,59,1215.4,88,0,0,619.5,21
V000761,72,1080,101,0,0,216,22
V000762,92,1453.6,120,0,0,506,23
V000763,75,1245,93,0,0,600,24
V000764,95,1653,112,0,0,997.5,25
V000765,111,2020.2,124,0,0,333,26
V000766,51,969,94,0,0,280.5,27
V000767,67,1326.6,115,0,0,536,28
V000768,84,1730.4,133,0,0,882,29
V000769,75,1125,111,0,0,225,30
V000770,96,1516.8,133,0,0,528,31
V000771,76,1261.6,99,0,0,608,32
V000772,99,1722.6,122,0,0,1039.5,33
V000773,116,2111.2,136,0,0,348,34
V000774,91,1729,101,0,0,500.5,35
V000775,58,1148.4,108,0,0,464,36
V000776,74,1524.4,126,0,0,777,37
V000777,56,840,90,0,0,168,38
V000778,74,1169.2,109,0,0,407,39
V000779,93,1543.8,129,0,0,744,40
V000780,76,1322.4,99,0,0,798,41
V000781,91,1656.2,113,0,0,273,42
V000782,0,0,0,0,0,0,
V000783,93,1841.4,104,0,0,744,44
V000784,66,1359.6,122,0,0,693,45
V000785,50,750,85,0,0,150,18
V000786,66,1042.8,105,0,0,363,19
V000787,97,1610.2,144,0,0,776,20
V000788,78,1357.2,109,0,0,819,21
V000789,94,1710.8,123,0,0,282,22
V000790,118,2242,147,0,0,649,23
V000791,96,1900.8,112,0,0,768,24
V000792,121,2492.6,135,0,0,1270.5,25
V000793,42,630,79,0,0,126,26
V000794,57,900.6,98,0,0,313.5,27
V000795,74,1228.4,119,0,0,592,28
V000796,59,1026.6,88,0,0,619.5,29
V000797,72,1310.4,101,0,0,216,30
V000798,92,1748,120,0,0,506,31
V000799,75,1485,93,0,0,600,32
V000800,95,1957,112,0,0,997.5,33
V000801,111,1665,124,0,0,333,34
V000802,51,805.8,94,2,0,280.5,35
V000803,67,1112.2,115,0,0,536,36
V000804,84,1461.6,133,0,0,882,37
V000805,75,1365,111,0,0,225,38
V000806,96,1824,133,0,0,528,39
V000807,76,1504.8,99,0,0,608,40
V000808,99,2039.4,122,0,0,1039.5,41
V000809,116,1740,136,0,0,348,42
V000810,91,1437.8,101,0,0,500.5,43
V000811,58,962.8,108,0,0,464,44
V000812,74,1287.6,126,0,0,777,45
V000813,56,1019.2,90,0,0,168,18
V000814,74,1406,109,0,0,407,19
V000815,93,1841.4,129,0,0,744,20
V000816,76,1565.6,99,0,0,798,21
V000817,91,1365,113,0,0,273,22
V000818,71,1121.8,83,0,0,390.5,23
V000819,93,1543.8,104,0,0,744,24
V000820,66,1148.4,122,0,0,693,25
V000821,50,910,85,0,0,150,26
V000822,66,1254,105,0,0,363,27
V000823,97,1920.6,144,0,0,776,28
V000824,78,1606.8,109,0,0,819,29
V000825,94,1410,123,0,1,282,30
V000826,118,1864.4,147,0,0,649,31
V000827,96,1593.6,112,0,0,768,32
V000828,121,2105.4,135,0,0,1270.5,33
V000829,42,764.4,79,0,0,126,34
V000830,57,1083,98,0,0,313.5,35
V000831,74,1465.2,119,0,0,592,36
V000832,59,1215.4,88,0,0,619.5,37
V000833,72,1080,101,0,0,216,38
V000834,92,1453.6,120,0,0,506,39
V000835,75,1245,93,0,0,600,40
V000836,95,1653,112,0,0,997.5,41
V000837,111,2020.2,124,0,0,333,42
V000838,51,969,94,0,0,280.5,43
V000839,67,1326.6,115,0,0,536,44
V000840,84,1730.4,133,0,0,882,45
V000841,75,1125,111,0,0,225,18
V000842,96,1516.8,133,0,0,528,19
V000843,76,1261.6,99,0,0,608,20
V000844,99,1722.6,122,0,0,1039.5,21
V000845,116,2111.2,136,0,0,348,22
V000846,91,1729,101,0,0,500.5,23
V000847,58,1148.4,108,0,0,464,24
V000848,74,1524.4,126,0,0,777,25
V000849,56,840,90,0,0,168,26
V000850,74,1169.2,109,0,0,407,27
V000851,93,1543.8,129,0,0,744,28
V000852,76,1322.4,99,0,0,798,29
V000853,0,0,0,0,0,0,
V000854,71,1349,83,0,0,390.5,31
V000855,93,1841.4,104,0,0,744,32
V000856,66,1359.6,122,0,0,693,33
V000857,50,750,85,0,0,150,34
V000858,66,1042.8,105,0,0,363,35
V000859,97,1610.2,144,0,0,776,36
V000860,78,1357.2,109,0,0,819,37
V000861,94,1710.8,123,0,0,282,38
V000862,118,2242,147,0,0,649,39
V000863,96,1900.8,112,0,0,768,40
V000864,121,2492.6,135,0,0,1270.5,41
V000865,42,630,79,0,0,126,42
V000866,57,900.6,98,0,0,313.5,43
V000867,74,1228.4,119,0,0,592,44
V000868,59,1026.6,88,0,0,619.5,45
V000869,72,1310.4,101,0,0,216,18
V000870,92,1748,120,0,0,506,19
V000871,75,1485,93,0,0,600,20
V000872,95,1957,112,0,0,997.5,21
V000873,111,1665,124,0,0,333,22
V000874,51,805.8,94,0,0,280.5,23
V000875,67,1112.2,115,0,0,536,24
V000876,84,1461.6,133,0,0,882,25
V000877,75,1365,111,0,0,225,26
V000878,96,1824,133,0,0,528,27
V000879,76,1504.8,99,0,0,608,28
V000880,99,2039.4,122,0,0,1039.5,29
V000881,116,1740,136,0,0,348,30
V000882,91,1437.8,101,0,0,500.5,31
V000883,58,962.8,108,0,0,464,32
V000884,74,1287.6,126,0,0,777,33
V000885,56,1019.2,90,0,0,168,34
V000886,74,1406,109,0,0,407,35
V000887,93,1841.4,129,0,0,744,36
V000888,76,1565.6,99,0,0,798,37
V000889,91,1365,113,0,0,273,38
V000890,71,1121.8,83,0,0,390.5,39
V000891,93,1543.8,104,2,0,744,40
V000892,66,1148.4,122,0,0,693,41
V000893,50,910,85,0,0,150,42
V000894,66,1254,105,0,0,363,43
V000895,97,1920.6,144,0,0,776,44
V000896,78,1606.8,109,0,0,819,45
V000897,94,1410,123,0,0,282,18
V000898,118,1864.4,147,0,0,649,19
V000899,96,1593.6,112,0,0,768,20
V000900,121,2105.4,135,0,0,1270.5,21
V000901,42,764.4,79,0,0,126,22
V000902,57,1083,98,0,0,313.5,23
V000903,74,1465.2,119,0,0,592,24
V000904,59,1215.4,88,0,0,619.5,25
V000905,72,1080,101,0,0,216,26
V000906,92,1453.6,120,0,0,506,27
V000907,75,1245,93,0,0,600,28
V000908,95,1653,112,0,0,997.5,29
V000909,111,2020.2,124,0,0,333,30
V000910,51,969,94,0,0,280.5,31
V000911,67,1326.6,115,0,0,536,32
V000912,84,1730.4,133,0,0,882,33
V000913,75,1125,111,0,0,225,34
V000914,96,1516.8,133,0,0,528,35
V000915,76,1261.6,99,0,0,608,36
V000916,99,1722.6,122,0,0,1039.5,37
V000917,116,2111.2,136,0,0,348,38
V000918,91,1729,101,0,0,500.5,39
V000919,58,1148.4,108,0,0,464,40
V000920,74,1524.4,126,0,0,777,41
V000921,56,840,90,0,0,168,42
V000922,74,1169.2,109,0,0,407,43
V000923,93,1543.8,129,0,0,744,44
V000924,0,0,0,0,0,0,
V000925,91,1656.2,113,0,0,273,18
V000926,71,1349,83,0,0,390.5,19
V000927,93,1841.4,104,0,0,744,20
V000928,66,1359.6,122,0,1,693,21
V000929,50,750,85,0,0,150,22
V000930,66,1042.8,105,0,0,363,23
V000931,97,1610.2,144,0,0,776,24
V000932,78,1357.2,109,0,0,819,25
V000933,94,1710.8,123,0,0,282,26
V000934,118,2242,147,0,0,649,27
V000935,96,1900.8,112,0,0,768,28
V000936,121,2492.6,135,0,0,1270.5,29
V000937,42,630,79,0,0,126,30
V000938,57,900.6,98,0,0,313.5,31
V000939,74,1228.4,119,0,0,592,32
V000940,59,1026.6,88,0,0,619.5,33
V000941,72,1310.4,101,0,0,216,34
V000942,92,1748,120,0,0,506,35
V000943,75,1485,93,0,0,600,36
V000944,95,1957,112,0,0,997.5,37
V000945,111,1665,124,0,0,333,38
V000946,51,805.8,94,0,0,280.5,39
V000947,67,1112.2,115,0,0,536,40
V000948,84,1461.6,133,0,0,882,41
V000949,75,1365,111,0,0,225,42
V000950,96,1824,133,0,0,528,43
V000951,76,1504.8,99,0,0,608,44
V000952,99,2039.4,122,0,0,1039.5,45
V000953,116,1740,136,0,0,348,18
V000954,91,1437.8,101,0,0,500.5,19
V000955,58,962.8,108,0,0,464,20
V000956,74,1287.6,126,0,0,777,21
V000957,56,1019.2,90,0,0,168,22
V000958,74,1406,109,0,0,407,23
V000959,93,1841.4,129,0,0,744,24
V000960,76,1565.6,99,0,0,798,25
V000961,91,1365,113,0,0,273,26
V000962,71,1121.8,83,0,0,390.5,27
V000963,93,1543.8,104,0,0,744,28
V000964,66,1148.4,122,0,0,693,29
V000965,50,910,85,0,0,150,30
V000966,66,1254,105,0,0,363,31
V000967,97,1920.6,144,0,0,776,32
V000968,78,1606.8,109,0,0,819,33
V000969,94,1410,123,0,0,282,34
V000970,118,1864.4,147,0,0,649,35
V000971,96,1593.6,112,0,0,768,36
V000972,121,2105.4,135,0,0,1270.5,37
V000973,42,764.4,79,0,0,126,38
V000974,57,1083,98,0,0,313.5,39
V000975,74,1465.2,119,0,0,592,40
V000976,59,1215.4,88,0,0,619.5,41
V000977,72,1080,101,0,0,216,42
V000978,92,1453.6,120,0,0,506,43
V000979,75,1245,93,0,0,600,44
V000980,95,1653,112,2,0,997.5,45
V000981,111,2020.2,124,0,0,333,18
V000982,51,969,94,0,0,280.5,19
V000983,67,1326.6,115,0,0,536,20
V000984,84,1730.4,133,0,0,882,21
V000985,75,1125,111,0,0,225,22
V000986,96,1516.8,133,0,0,528,23
V000987,76,1261.6,99,0,0,608,24
V000988,99,1722.6,122,0,0,1039.5,25
V000989,116,2111.2,136,0,0,348,26
V000990,91,1729,101,0,0,500.5,27
V000991,58,1148.4,108,0,0,464,28
V000992,74,1524.4,126,0,0,777,29
V000993,56,840,90,0,0,168,30
V000994,74,1169.2,109,0,0,407,31
V000995,0,0,0,0,0,0,
V000996,76,1322.4,99,0,0,798,33
V000997,91,1656.2,113,0,0,273,34
V000998,71,1349,83,0,0,390.5,35
V000999,93,1841.4,104,0,0,744,36
V001000,66,1359.6,122,0,0,693,37
V001001,50,750,85,0,0,150,38
V001002,66,1042.8,105,0,0,363,39
V001003,97,1610.2,144,0,0,776,40
V001004,78,1357.2,109,0,0,819,41
V001005,94,1710.8,123,0,0,282,42
V001006,118,2242,147,0,0,649,43
V001007,96,1900.8,112,0,0,768,44
V001008,121,2492.6,135,0,0,1270.5,45
V001009,42,630,79,0,0,126,18
V001010,57,900.6,98,0,0,313.5,19
V001011,74,1228.4,119,0,0,592,20
V001012,59,1026.6,88,0,0,619.5,21
V001013,72,1310.4,101,0,0,216,22
V001014,92,1748,120,0,0,506,23
V001015,75,1485,93,0,0,600,24
V001016,95,1957,112,0,0,997.5,25
V001017,111,1665,124,0,0,333,26
V001018,51,805.8,94,0,0,280.5,27
V001019,67,1112.2,115,0,0,536,28
V001020,84,1461.6,133,0,0,882,29
V001021,75,1365,111,0,0,225,30
V001022,96,1824,133,0,0,528,31
V001023,76,1504.8,99,0,0,608,32
V001024,99,2039.4,122,0,0,1039.5,33
V001025,116,1740,136,0,0,348,34
V001026,91,1437.8,101,0,0,500.5,35
V001027,58,962.8,108,0,0,464,36
V001028,74,1287.6,126,0,0,777,37
V001029,56,1019.2,90,0,0,168,38
V001030,74,1406,109,0,0,407,39
V001031,93,1841.4,129,0,1,744,40
V001032,76,1565.6,99,0,0,798,41
V001033,91,1365,113,0,0,273,42
V001034,71,1121.8,83,0,0,390.5,43
V001035,93,1543.8,104,0,0,744,44
V001036,66,1148.4,122,0,0,693,45
V001037,50,910,85,0,0,150,18
V001038,66,1254,105,0,0,363,19
V001039,97,1920.6,144,0,0,776,20
V001040,78,1606.8,109,0,0,819,21
V001041,94,1410,123,0,0,282,22
V001042,118,1864.4,147,0,0,649,23
V001043,96,1593.6,112,0,0,768,24
V001044,121,2105.4,135,0,0,1270.5,25
V001045,42,764.4,79,0,0,126,26
V001046,57,1083,98,0,0,313.5,27
V001047,74,1465.2,119,0,0,592,28
V001048,59,1215.4,88,0,0,619.5,29
V001049,72,1080,101,0,0,216,30
V001050,92,1453.6,120,0,0,506,31
V001051,75,1245,93,0,0,600,32
V001052,95,1653,112,0,0,997.5,33
V001053,111,2020.2,124,0,0,333,34
V001054,51,969,94,0,0,280.5,35
V001055,67,1326.6,115,0,0,536,36
V001056,84,1730.4,133,0,0,882,37
V001057,75,1125,111,0,0,225,38
V001058,96,1516.8,133,0,0,528,39
V001059,76,1261.6,99,0,0,608,40
V001060,99,1722.6,122,0,0,1039.5,41
V001061,116,2111.2,136,0,0,348,42
V001062,91,1729,101,0,0,500.5,43
V001063,58,1148.4,108,0,0,464,44
V001064,74,1524.4,126,0,0,777,45
V001065,56,840,90,0,0,168,18
V001066,0,0,0,0,0,0,
V001067,93,1543.8,129,0,0,744,20
V001068,76,1322.4,99,0,0,798,21
V001069,91,1656.2,113,2,0,273,22
V001070,71,1349,83,0,0,390.5,23
V001071,93,1841.4,104,0,0,744,24
V001072,66,1359.6,122,0,0,693,25
V001073,50,750,85,0,0,150,26
V001074,66,1042.8,105,0,0,363,27
V001075,97,1610.2,144,0,0,776,28
V001076,78,1357.2,109,0,0,819,29
V001077,94,1710.8,123,0,0,282,30
V001078,118,2242,147,0,0,649,31
V001079,96,1900.8,112,0,0,768,32
V001080,121,2492.6,135,0,0,1270.5,33
V001081,42,630,79,0,0,126,34
V001082,57,900.6,98,0,0,313.5,35
V001083,74,1228.4,119,0,0,592,36
V001084,59,1026.6,88,0,0,619.5,37
V001085,72,1310.4,101,0,0,216,38
V001086,92,1748,120,0,0,506,39
V001087,75,1485,93,0,0,600,40
V001088,95,1957,112,0,0,997.5,41
V001089,111,1665,124,0,0,333,42
V001090,51,805.8,94,0,0,280.5,43
V001091,67,1112.2,115,0,0,536,44
V001092,84,1461.6,133,0,0,882,45
V001093,75,1365,111,0,0,225,18
V001094,96,1824,133,0,0,528,19
V001095,76,1504.8,99,0,0,608,20
V001096,99,2039.4,122,0,0,1039.5,21
V001097,116,1740,136,0,0,348,22
V001098,91,1437.8,101,0,0,500.5,23
V001099,58,962.8,108,0,0,464,24
V001100,74,1287.6,126,0,0,777,25
V001101,56,1019.2,90,0,0,168,26
V001102,74,1406,109,0,0,407,27
V001103,93,1841.4,129,0,0,744,28
V001104,76,1565.6,99,0,0,798,29
V001105,91,1365,113,0,0,273,30
V001106,71,1121.8,83,0,0,390.5,31
V001107,93,1543.8,104,0,0,744,32
V001108,66,1148.4,122,0,0,693,33
V001109,50,910,85,0,0,150,34
V001110,66,1254,105,0,0,363,35
V001111,97,1920.6,144,0,0,776,36
V001112,78,1606.8,109,0,0,819,37
V001113,94,1410,123,0,0,282,38
V001114,118,1864.4,147,0,0,649,39
V001115,96,1593.6,112,0,0,768,40
V001116,121,2105.4,135,0,0,1270.5,41
V001117,42,764.4,79,0,0,126,42
V001118,57,1083,98,0,0,313.5,43
V001119,74,1465.2,119,0,0,592,44
V001120,59,1215.4,88,0,0,619.5,45
V001121,72,1080,101,0,0,216,18
V001122,92,1453.6,120,0,0,506,19
V001123,75,1245,93,0,0,600,20
V001124,95,1653,112,0,0,997.5,21
V001125,111,2020.2,124,0,0,333,22
V001126,51,969,94,0,0,280.5,23
V001127,67,1326.6,115,0,0,536,24
V001128,84,1730.4,133,0,0,882,25
V001129,75,1125,111,0,0,225,26
V001130,96,1516.8,133,0,0,528,27
V001131,76,1261.6,99,0,0,608,28
V001132,99,1722.6,122,0,0,1039.5,29
V001133,116,2111.2,136,0,0,348,30
V001134,91,1729,101,0,1,500.5,31
V001135,58,1148.4,108,0,0,464,32
V001136,74,1524.4,126,0,0,777,33
V001137,0,0,0,0,0,0,
V001138,74,1169.2,109,0,0,407,35
V001139,93,1543.8,129,0,0,744,36
V001140,76,1322.4,99,0,0,798,37
V001141,91,1656.2,113,0,0,273,38
V001142,71,1349,83,0,0,390.5,39
V001143,93,1841.4,104,0,0,744,40
V001144,66,1359.6,122,0,0,693,41
V001145,50,750,85,0,0,150,42
V001146,66,1042.8,105,0,0,363,43
V001147,97,1610.2,144,0,0,776,44
V001148,78,1357.2,109,0,0,819,45
V001149,94,1710.8,123,0,0,282,18
V001150,118,2242,147,0,0,649,19
V001151,96,1900.8,112,0,0,768,20
V001152,121,2492.6,135,0,0,1270.5,21
V001153,42,630,79,0,0,126,22
V001154,57,900.6,98,0,0,313.5,23
V001155,74,1228.4,119,0,0,592,24
V001156,59,1026.6,88,0,0,619.5,25
V001157,72,1310.4,101,0,0,216,26
V001158,92,1748,120,2,0,506,27
V001159,75,1485,93,0,0,600,28
V001160,95,1957,112,0,0,997.5,29
V001161,111,1665,124,0,0,333,30
V001162,51,805.8,94,0,0,280.5,31
V001163,67,1112.2,115,0,0,536,32
V001164,84,1461.6,133,0,0,882,33
V001165,75,1365,111,0,0,225,34
V001166,96,1824,133,0,0,528,35
V001167,76,1504.8,99,0,0,608,36
V001168,99,2039.4,122,0,0,1039.5,37
V001169,116,1740,136,0,0,348,38
V001170,91,1437.8,101,0,0,500.5,39
V001171,58,962.8,108,0,0,464,40
V001172,74,1287.6,126,0,0,777,41
V001173,56,1019.2,90,0,0,168,42
V001174,74,1406,109,0,0,407,43
V001175,93,1841.4,129,0,0,744,44
V001176,76,1565.6,99,0,0,798,45
V001177,91,1365,113,0,0,273,18
V001178,71,1121.8,83,0,0,390.5,19
V001179,93,1543.8,104,0,0,744,20
V001180,66,1148.4,122,0,0,693,21
V001181,50,910,85,0,0,150,22
V001182,66,1254,105,0,0,363,23
V001183,97,1920.6,144,0,0,776,24
V001184,78,1606.8,109,0,0,819,25
V001185,94,1410,123,0,0,282,26
V001186,118,1864.4,147,0,0,649,27
V001187,96,1593.6,112,0,0,768,28
V001188,121,2105.4,135,0,0,1270.5,29
V001189,42,764.4,79,0,0,126,30
V001190,57,1083,98,0,0,313.5,31
V001191,74,1465.2,119,0,0,592,32
V001192,59,1215.4,88,0,0,619.5,33
V001193,72,1080,101,0,0,216,34
V001194,92,1453.6,120,0,0,506,35
V001195,75,1245,93,0,0,600,36
V001196,95,1653,112,0,0,997.5,37
V001197,111,2020.2,124,0,0,333,38
V001198,51,969,94,0,0,280.5,39
V001199,67,1326.6,115,0,0,536,40
V001200,84,1730.4,133,0,0,882,41
