vuelo_id,adultos,ninos,infantes_sin_asiento,pasajeros_con_asiento,pasajeros_total_a_bordo,asientos_disponibles,pasajeros_business,pasajeros_economy,transito_conexion,pasajeros_no_show
V000001,0,0,0,0,0,186,0,0,0,0
V000002,119,7,1,126,127,186,8,118,9,1
V000003,140,12,2,152,154,186,11,141,14,2
V000004,110,3,3,113,116,186,12,101,12,3
V000005,121,8,4,129,133,186,5,124,17,4
V000006,141,13,5,154,159,186,8,146,8,5
V000007,115,4,0,119,119,189,11,108,8,6
V000008,134,9,1,143,144,189,12,131,13,7
V000009,145,14,2,159,161,189,5,154,17,8
V000010,116,5,3,121,124,189,8,113,16,0
V000011,137,10,4,147,151,189,11,136,7,1
V000012,156,15,5,171,176,189,12,159,12,2
V000013,136,6,0,142,142,220,5,137,13,3
V000014,160,11,1,171,172,220,8,163,19,4
V000015,125,2,2,127,129,220,11,116,17,5
V000016,150,7,3,157,160,220,14,143,8,6
V000017,162,12,4,174,178,220,5,169,12,7
V000018,127,3,5,130,135,220,8,122,12,8
V000019,130,8,0,138,138,186,11,127,15,0
V000020,149,13,1,162,163,186,12,150,21,1
V000021,111,4,2,115,117,186,5,110,6,2
V000022,131,9,3,140,143,186,8,132,10,3
V000023,152,14,4,166,170,186,11,155,15,4
V000024,122,5,5,127,132,186,12,115,14,5
V000025,135,10,0,145,145,189,5,140,19,6
V000026,92,15,1,107,108,189,8,99,5,7
V000027,127,6,2,133,135,189,11,122,9,8
V000028,146,11,3,157,160,189,12,145,14,0
V000029,107,2,4,109,113,189,5,104,12,1
V000030,128,7,5,135,140,189,8,127,18,2
V000031,172,12,0,184,184,220,11,173,9,3
V000032,137,3,1,140,141,220,14,126,10,4
V000033,150,8,2,158,160,220,5,153,14,5
V000034,175,13,3,188,191,220,8,180,21,6
V000035,140,4,4,144,148,220,11,133,19,7
V000036,164,9,5,173,178,220,14,159,9,8
V000037,87,14,0,101,101,186,5,96,7,0
V000038,121,5,1,126,127,186,8,118,11,1
V000039,142,10,2,152,154,186,11,141,17,2
V000040,98,15,3,113,116,186,12,101,15,3
V000041,123,6,4,129,133,186,5,124,6,4
V000042,143,11,5,154,159,186,8,146,11,5
V000043,117,2,0,119,119,189,11,108,11,6
V000044,136,7,1,143,144,189,12,131,16,7
V000045,147,12,2,159,161,189,5,154,21,8
V000046,118,3,3,121,124,189,8,113,6,0
V000047,139,8,4,147,151,189,11,136,10,1
V000048,158,13,5,171,176,189,12,159,15,2
V000049,138,4,0,142,142,220,5,137,16,3
V000050,162,9,1,171,172,220,8,163,22,4
V000051,113,14,2,127,129,220,11,116,6,5
V000052,152,5,3,157,160,220,14,143,11,6
V000053,164,10,4,174,178,220,5,169,16,7
V000054,115,15,5,130,135,220,8,122,14,8
V000055,132,6,0,138,138,186,11,127,18,0
V000056,151,11,1,162,163,186,12,150,8,1
V000057,113,2,2,115,117,186,5,110,8,2
V000058,133,7,3,140,143,186,8,132,13,3
V000059,154,12,4,166,170,186,11,155,18,4
V000060,124,3,5,127,132,186,12,115,17,5
V000061,137,8,0,145,145,189,5,140,7,6
V000062,94,13,1,107,108,189,8,99,7,7
V000063,129,4,2,133,135,189,11,122,12,8
V000064,148,9,3,157,160,189,12,145,17,0
V000065,95,14,4,109,113,189,5,104,14,1
V000066,130,5,5,135,140,189,8,127,7,2
V000067,174,10,0,184,184,220,11,173,13,3
V000068,125,15,1,140,141,220,14,126,13,4
V000069,152,6,2,158,160,220,5,153,17,5
V000070,177,11,3,188,191,220,8,180,24,6
V000071,142,2,4,144,148,220,11,133,7,7
V000072,0,0,0,0,0,220,0,0,0,0
V000073,89,12,0,101,101,186,5,96,9,0
V000074,123,3,1,126,127,186,8,118,14,1
V000075,144,8,2,152,154,186,11,141,20,2
V000076,100,13,3,113,116,186,12,101,6,3
V000077,125,4,4,129,133,186,5,124,9,4
V000078,145,9,5,154,159,186,8,146,14,5
V000079,105,14,0,119,119,189,11,108,13,6
V000080,138,5,1,143,144,189,12,131,19,7
V000081,149,10,2,159,161,189,5,154,8,8
V000082,106,15,3,121,124,189,8,113,8,0
V000083,141,6,4,147,151,189,11,136,13,1
V000084,160,11,5,171,176,189,12,159,19,2
V000085,140,2,0,142,142,220,5,137,18,3
V000086,164,7,1,171,172,220,8,163,9,4
V000087,115,12,2,127,129,220,11,116,9,5
V000088,154,3,3,157,160,220,14,143,14,6
V000089,166,8,4,174,178,220,5,169,19,7
V000090,117,13,5,130,135,220,8,122,17,8
V000091,134,4,0,138,138,186,11,127,7,0
V000092,153,9,1,162,163,186,12,150,11,1
V000093,101,14,2,115,117,186,5,110,10,2
V000094,135,5,3,140,143,186,8,132,15,3
V000095,156,10,4,166,170,186,11,155,22,4
V000096,112,15,5,127,132,186,12,115,6,5
V000097,139,6,0,145,145,189,5,140,10,6
V000098,96,11,1,107,108,189,8,99,10,7
V000099,131,2,2,133,135,189,11,122,15,8
V000100,150,7,3,157,160,189,12,145,20,0
V000101,97,12,4,109,113,189,5,104,5,1
V000102,132,3,5,135,140,189,8,127,9,2
V000103,176,8,0,184,184,220,11,173,17,3
V000104,127,13,1,140,141,220,14,126,15,4
V000105,154,4,2,158,160,220,5,153,21,5
V000106,179,9,3,188,191,220,8,180,9,6
V000107,130,14,4,144,148,220,11,133,10,7
V000108,168,5,5,173,178,220,14,159,16,8
V000109,91,10,0,101,101,186,5,96,11,0
V000110,111,15,1,126,127,186,8,118,16,1
V000111,146,6,2,152,154,186,11,141,8,2
V000112,102,11,3,113,116,186,12,101,8,3
V000113,127,2,4,129,133,186,5,124,12,4
V000114,147,7,5,154,159,186,8,146,17,5
V000115,107,12,0,119,119,189,11,108,15,6
V000116,140,3,1,143,144,189,12,131,7,7
V000117,151,8,2,159,161,189,5,154,11,8
V000118,108,13,3,121,124,189,8,113,11,0
V000119,143,4,4,147,151,189,11,136,16,1
V000120,162,9,5,171,176,189,12,159,22,2
V000121,128,14,0,142,142,220,5,137,7,3
V000122,166,5,1,171,172,220,8,163,12,4
V000123,117,10,2,127,129,220,11,116,11,5
V000124,142,15,3,157,160,220,14,143,17,6
V000125,168,6,4,174,178,220,5,169,23,7
V000126,119,11,5,130,135,220,8,122,7,8
V000127,136,2,0,138,138,186,11,127,10,0
V000128,155,7,1,162,163,186,12,150,15,1
V000129,103,12,2,115,117,186,5,110,13,2
V000130,137,3,3,140,143,186,8,132,18,3
V000131,158,8,4,166,170,186,11,155,8,4
V000132,114,13,5,127,132,186,12,115,9,5
V000133,141,4,0,145,145,189,5,140,13,6
V000134,98,9,1,107,108,189,8,99,12,7
V000135,119,14,2,133,135,189,11,122,17,8
V000136,152,5,3,157,160,189,12,145,8,0
V000137,99,10,4,109,113,189,5,104,8,1
V000138,120,15,5,135,140,189,8,127,12,2
V000139,178,6,0,184,184,220,11,173,20,3
V000140,129,11,1,140,141,220,14,126,18,4
V000141,156,2,2,158,160,220,5,153,8,5
V000142,181,7,3,188,191,220,8,180,13,6
V000143,0,0,0,0,0,220,0,0,0,0
V000144,170,3,5,173,178,220,14,159,19,8
V000145,93,8,0,101,101,186,5,96,13,0
V000146,113,13,1,126,127,186,8,118,6,1
V000147,148,4,2,152,154,186,11,141,11,2
V000148,104,9,3,113,116,186,12,101,10,3
V000149,115,14,4,129,133,186,5,124,14,4
V000150,149,5,5,154,159,186,8,146,20,5
V000151,109,10,0,119,119,189,11,108,6,6
V000152,128,15,1,143,144,189,12,131,10,7
V000153,153,6,2,159,161,189,5,154,14,8
V000154,110,11,3,121,124,189,8,113,13,0
V000155,145,2,4,147,151,189,11,136,19,1
V000156,164,7,5,171,176,189,12,159,9,2
V000157,130,12,0,142,142,220,5,137,10,3
V000158,168,3,1,171,172,220,8,163,15,4
V000159,119,8,2,127,129,220,11,116,14,5
V000160,144,13,3,157,160,220,14,143,20,6
V000161,170,4,4,174,178,220,5,169,9,7
V000162,121,9,5,130,135,220,8,122,9,8
V000163,124,14,0,138,138,186,11,127,12,0
V000164,157,5,1,162,163,186,12,150,18,1
V000165,105,10,2,115,117,186,5,110,15,2
V000166,125,15,3,140,143,186,8,132,7,3
V000167,160,6,4,166,170,186,11,155,12,4
V000168,116,11,5,127,132,186,12,115,11,5
V000169,143,2,0,145,145,189,5,140,16,6
V000170,100,7,1,107,108,189,8,99,14,7
V000171,121,12,2,133,135,189,11,122,7,8
V000172,154,3,3,157,160,189,12,145,11,0
V000173,101,8,4,109,113,189,5,104,10,1
V000174,122,13,5,135,140,189,8,127,15,2
V000175,180,4,0,184,184,220,11,173,24,3
V000176,131,9,1,140,141,220,14,126,7,4
V000177,144,14,2,158,160,220,5,153,11,5
V000178,183,5,3,188,191,220,8,180,17,6
V000179,134,10,4,144,148,220,11,133,16,7
V000180,158,15,5,173,178,220,14,159,22,8
V000181,95,6,0,101,101,186,5,96,5,0
V000182,115,11,1,126,127,186,8,118,9,1
V000183,150,2,2,152,154,186,11,141,14,2
V000184,106,7,3,113,116,186,12,101,12,3
V000185,117,12,4,129,133,186,5,124,17,4
V000186,151,3,5,154,159,186,8,146,8,5
V000187,111,8,0,119,119,189,11,108,8,6
V000188,130,13,1,143,144,189,12,131,13,7
V000189,155,4,2,159,161,189,5,154,17,8
V000190,112,9,3,121,124,189,8,113,16,0
V000191,133,14,4,147,151,189,11,136,7,1
V000192,166,5,5,171,176,189,12,159,12,2
V000193,132,10,0,142,142,220,5,137,13,3
V000194,156,15,1,171,172,220,8,163,19,4
V000195,121,6,2,127,129,220,11,116,17,5
V000196,146,11,3,157,160,220,14,143,8,6
V000197,172,2,4,174,178,220,5,169,12,7
V000198,123,7,5,130,135,220,8,122,12,8
V000199,126,12,0,138,138,186,11,127,15,0
V000200,159,3,1,162,163,186,12,150,21,1
V000201,107,8,2,115,117,186,5,110,6,2
V000202,127,13,3,140,143,186,8,132,10,3
V000203,162,4,4,166,170,186,11,155,15,4
V000204,118,9,5,127,132,186,12,115,14,5
V000205,131,14,0,145,145,189,5,140,19,6
V000206,102,5,1,107,108,189,8,99,5,7
V000207,123,10,2,133,135,189,11,122,9,8
V000208,142,15,3,157,160,189,12,145,14,0
V000209,103,6,4,109,113,189,5,104,12,1
V000210,124,11,5,135,140,189,8,127,18,2
V000211,182,2,0,184,184,220,11,173,9,3
V000212,133,7,1,140,141,220,14,126,10,4
V000213,146,12,2,158,160,220,5,153,14,5
V000214,0,0,0,0,0,220,0,0,0,0
V000215,136,8,4,144,148,220,11,133,19,7
V000216,160,13,5,173,178,220,14,159,9,8
V000217,97,4,0,101,101,186,5,96,7,0
V000218,117,9,1,126,127,186,8,118,11,1
V000219,138,14,2,152,154,186,11,141,17,2
V000220,108,5,3,113,116,186,12,101,15,3
V000221,119,10,4,129,133,186,5,124,6,4
V000222,139,15,5,154,159,186,8,146,11,5
V000223,113,6,0,119,119,189,11,108,11,6
V000224,132,11,1,143,144,189,12,131,16,7
V000225,157,2,2,159,161,189,5,154,21,8
V000226,114,7,3,121,124,189,8,113,6,0
V000227,135,12,4,147,151,189,11,136,10,1
V000228,168,3,5,171,176,189,12,159,15,2
V000229,134,8,0,142,142,220,5,137,16,3
V000230,158,13,1,171,172,220,8,163,22,4
V000231,123,4,2,127,129,220,11,116,6,5
V000232,148,9,3,157,160,220,14,143,11,6
V000233,160,14,4,174,178,220,5,169,16,7
V000234,125,5,5,130,135,220,8,122,14,8
V000235,128,10,0,138,138,186,11,127,18,0
V000236,147,15,1,162,163,186,12,150,8,1
V000237,109,6,2,115,117,186,5,110,8,2
V000238,129,11,3,140,143,186,8,132,13,3
V000239,164,2,4,166,170,186,11,155,18,4
V000240,120,7,5,127,132,186,12,115,17,5
V000241,133,12,0,145,145,189,5,140,7,6
V000242,104,3,1,107,108,189,8,99,7,7
V000243,125,8,2,133,135,189,11,122,12,8
V000244,144,13,3,157,160,189,12,145,17,0
V000245,105,4,4,109,113,189,5,104,14,1
V000246,126,9,5,135,140,189,8,127,7,2
V000247,170,14,0,184,184,220,11,173,13,3
V000248,135,5,1,140,141,220,14,126,13,4
V000249,148,10,2,158,160,220,5,153,17,5
V000250,173,15,3,188,191,220,8,180,24,6
V000251,138,6,4,144,148,220,11,133,7,7
V000252,162,11,5,173,178,220,14,159,12,8
V000253,99,2,0,101,101,186,5,96,9,0
V000254,119,7,1,126,127,186,8,118,14,1
V000255,140,12,2,152,154,186,11,141,20,2
V000256,110,3,3,113,116,186,12,101,6,3
V000257,121,8,4,129,133,186,5,124,9,4
V000258,141,13,5,154,159,186,8,146,14,5
V000259,115,4,0,119,119,189,11,108,13,6
V000260,134,9,1,143,144,189,12,131,19,7
V000261,145,14,2,159,161,189,5,154,8,8
V000262,116,5,3,121,124,189,8,113,8,0
V000263,137,10,4,147,151,189,11,136,13,1
V000264,156,15,5,171,176,189,12,159,19,2
V000265,136,6,0,142,142,220,5,137,18,3
V000266,160,11,1,171,172,220,8,163,9,4
V000267,125,2,2,127,129,220,11,116,9,5
V000268,150,7,3,157,160,220,14,143,14,6
V000269,162,12,4,174,178,220,5,169,19,7
V000270,127,3,5,130,135,220,8,122,17,8
V000271,130,8,0,138,138,186,11,127,7,0
V000272,149,13,1,162,163,186,12,150,11,1
V000273,111,4,2,115,117,186,5,110,10,2
V000274,131,9,3,140,143,186,8,132,15,3
V000275,152,14,4,166,170,186,11,155,22,4
V000276,122,5,5,127,132,186,12,115,6,5
V000277,135,10,0,145,145,189,5,140,10,6
V000278,92,15,1,107,108,189,8,99,10,7
V000279,127,6,2,133,135,189,11,122,15,8
V000280,146,11,3,157,160,189,12,145,20,0
V000281,107,2,4,109,113,189,5,104,5,1
V000282,128,7,5,135,140,189,8,127,9,2
V000283,172,12,0,184,184,220,11,173,17,3
V000284,137,3,1,140,141,220,14,126,15,4
V000285,0,0,0,0,0,220,0,0,0,0
V000286,175,13,3,188,191,220,8,180,9,6
V000287,140,4,4,144,148,220,11,133,10,7
V000288,164,9,5,173,178,220,14,159,16,8
V000289,87,14,0,101,101,186,5,96,11,0
V000290,121,5,1,126,127,186,8,118,16,1
V000291,142,10,2,152,154,186,11,141,8,2
V000292,98,15,3,113,116,186,12,101,8,3
V000293,123,6,4,129,133,186,5,124,12,4
V000294,143,11,5,154,159,186,8,146,17,5
V000295,117,2,0,119,119,189,11,108,15,6
V000296,136,7,1,143,144,189,12,131,7,7
V000297,147,12,2,159,161,189,5,154,11,8
V000298,118,3,3,121,124,189,8,113,11,0
V000299,139,8,4,147,151,189,11,136,16,1
V000300,158,13,5,171,176,189,12,159,22,2
V000301,138,4,0,142,142,220,5,137,7,3
V000302,162,9,1,171,172,220,8,163,12,4
V000303,113,14,2,127,129,220,11,116,11,5
V000304,152,5,3,157,160,220,14,143,17,6
V000305,164,10,4,174,178,220,5,169,23,7
V000306,115,15,5,130,135,220,8,122,7,8
V000307,132,6,0,138,138,186,11,127,10,0
V000308,151,11,1,162,163,186,12,150,15,1
V000309,113,2,2,115,117,186,5,110,13,2
V000310,133,7,3,140,143,186,8,132,18,3
V000311,154,12,4,166,170,186,11,155,8,4
V000312,124,3,5,127,132,186,12,115,9,5
V000313,137,8,0,145,145,189,5,140,13,6
V000314,94,13,1,107,108,189,8,99,12,7
V000315,129,4,2,133,135,189,11,122,17,8
V000316,148,9,3,157,160,189,12,145,8,0
V000317,95,14,4,109,113,189,5,104,8,1
V000318,130,5,5,135,140,189,8,127,12,2
V000319,174,10,0,184,184,220,11,173,20,3
V000320,125,15,1,140,141,220,14,126,18,4
V000321,152,6,2,158,160,220,5,153,8,5
V000322,177,11,3,188,191,220,8,180,13,6
V000323,142,2,4,144,148,220,11,133,13,7
V000324,166,7,5,173,178,220,14,159,19,8
V000325,89,12,0,101,101,186,5,96,13,0
V000326,123,3,1,126,127,186,8,118,6,1
V000327,144,8,2,152,154,186,11,141,11,2
V000328,100,13,3,113,116,186,12,101,10,3
V000329,125,4,4,129,133,186,5,124,14,4
V000330,145,9,5,154,159,186,8,146,20,5
V000331,105,14,0,119,119,189,11,108,6,6
V000332,138,5,1,143,144,189,12,131,10,7
V000333,149,10,2,159,161,189,5,154,14,8
V000334,106,15,3,121,124,189,8,113,13,0
V000335,141,6,4,147,151,189,11,136,19,1
V000336,160,11,5,171,176,189,12,159,9,2
V000337,140,2,0,142,142,220,5,137,10,3
V000338,164,7,1,171,172,220,8,163,15,4
V000339,115,12,2,127,129,220,11,116,14,5
V000340,154,3,3,157,160,220,14,143,20,6
V000341,166,8,4,174,178,220,5,169,9,7
V000342,117,13,5,130,135,220,8,122,9,8
V000343,134,4,0,138,138,186,11,127,12,0
V000344,153,9,1,162,163,186,12,150,18,1
V000345,101,14,2,115,117,186,5,110,15,2
V000346,135,5,3,140,143,186,8,132,7,3
V000347,156,10,4,166,170,186,11,155,12,4
V000348,112,15,5,127,132,186,12,115,11,5
V000349,139,6,0,145,145,189,5,140,16,6
V000350,96,11,1,107,108,189,8,99,14,7
V000351,131,2,2,133,135,189,11,122,7,8
V000352,150,7,3,157,160,189,12,145,11,0
V000353,97,12,4,109,113,189,5,104,10,1
V000354,132,3,5,135,140,189,8,127,15,2
V000355,176,8,0,184,184,220,11,173,24,3
V000356,0,0,0,0,0,220,0,0,0,0
V000357,154,4,2,158,160,220,5,153,11,5
V000358,179,9,3,188,191,220,8,180,17,6
V000359,130,14,4,144,148,220,11,133,16,7
V000360,168,5,5,173,178,220,14,159,22,8
V000361,91,10,0,101,101,186,5,96,5,0
V000362,111,15,1,126,127,186,8,118,9,1
V000363,146,6,2,152,154,186,11,141,14,2
V000364,102,11,3,113,116,186,12,101,12,3
V000365,127,2,4,129,133,186,5,124,17,4
V000366,147,7,5,154,159,186,8,146,8,5
V000367,107,12,0,119,119,189,11,108,8,6
V000368,140,3,1,143,144,189,12,131,13,7
V000369,151,8,2,159,161,189,5,154,17,8
V000370,108,13,3,121,124,189,8,113,16,0
V000371,143,4,4,147,151,189,11,136,7,1
V000372,162,9,5,171,176,189,12,159,12,2
V000373,128,14,0,142,142,220,5,137,13,3
V000374,166,5,1,171,172,220,8,163,19,4
V000375,117,10,2,127,129,220,11,116,17,5
V000376,142,15,3,157,160,220,14,143,8,6
V000377,168,6,4,174,178,220,5,169,12,7
V000378,119,11,5,130,135,220,8,122,12,8
V000379,136,2,0,138,138,186,11,127,15,0
V000380,155,7,1,162,163,186,12,150,21,1
V000381,103,12,2,115,117,186,5,110,6,2
V000382,137,3,3,140,143,186,8,132,10,3
V000383,158,8,4,166,170,186,11,155,15,4
V000384,114,13,5,127,132,186,12,115,14,5
V000385,141,4,0,145,145,189,5,140,19,6
V000386,98,9,1,107,108,189,8,99,5,7
V000387,119,14,2,133,135,189,11,122,9,8
V000388,152,5,3,157,160,189,12,145,14,0
V000389,99,10,4,109,113,189,5,104,12,1
V000390,120,15,5,135,140,189,8,127,18,2
V000391,178,6,0,184,184,220,11,173,9,3
V000392,129,11,1,140,141,220,14,126,10,4
V000393,156,2,2,158,160,220,5,153,14,5
V000394,181,7,3,188,191,220,8,180,21,6
V000395,132,12,4,144,148,220,11,133,19,7
V000396,170,3,5,173,178,220,14,159,9,8
V000397,93,8,0,101,101,186,5,96,7,0
V000398,113,13,1,126,127,186,8,118,11,1
V000399,148,4,2,152,154,186,11,141,17,2
V000400,104,9,3,113,116,186,12,101,15,3
V000401,115,14,4,129,133,186,5,124,6,4
V000402,149,5,5,154,159,186,8,146,11,5
V000403,109,10,0,119,119,189,11,108,11,6
V000404,128,15,1,143,144,189,12,131,16,7
V000405,153,6,2,159,161,189,5,154,21,8
V000406,110,11,3,121,124,189,8,113,6,0
V000407,145,2,4,147,151,189,11,136,10,1
V000408,164,7,5,171,176,189,12,159,15,2
V000409,130,12,0,142,142,220,5,137,16,3
V000410,168,3,1,171,172,220,8,163,22,4
V000411,119,8,2,127,129,220,11,116,6,5
V000412,144,13,3,157,160,220,14,143,11,6
V000413,170,4,4,174,178,220,5,169,16,7
V000414,121,9,5,130,135,220,8,122,14,8
V000415,124,14,0,138,138,186,11,127,18,0
V000416,157,5,1,162,163,186,12,150,8,1
V000417,105,10,2,115,117,186,5,110,8,2
V000418,125,15,3,140,143,186,8,132,13,3
V000419,160,6,4,166,170,186,11,155,18,4
V000420,116,11,5,127,132,186,12,115,17,5
V000421,143,2,0,145,145,189,5,140,7,6
V000422,100,7,1,107,108,189,8,99,7,7
V000423,121,12,2,133,135,189,11,122,12,8
V000424,154,3,3,157,160,189,12,145,17,0
V000425,101,8,4,109,113,189,5,104,14,1
V000426,122,13,5,135,140,189,8,127,7,2
V000427,0,0,0,0,0,220,0,0,0,0
V000428,131,9,1,140,141,220,14,126,13,4
V000429,144,14,2,158,160,220,5,153,17,5
V000430,183,5,3,188,191,220,8,180,24,6
V000431,134,10,4,144,148,220,11,133,7,7
V000432,158,15,5,173,178,220,14,159,12,8
V000433,95,6,0,101,101,186,5,96,9,0
V000434,115,11,1,126,127,186,8,118,14,1
V000435,150,2,2,152,154,186,11,141,20,2
V000436,106,7,3,113,116,186,12,101,6,3
V000437,117,12,4,129,133,186,5,124,9,4
V000438,151,3,5,154,159,186,8,146,14,5
V000439,111,8,0,119,119,189,11,108,13,6
V000440,130,13,1,143,144,189,12,131,19,7
V000441,155,4,2,159,161,189,5,154,8,8
V000442,112,9,3,121,124,189,8,113,8,0
V000443,133,14,4,147,151,189,11,136,13,1
V000444,166,5,5,171,176,189,12,159,19,2
V000445,132,10,0,142,142,220,5,137,18,3
V000446,156,15,1,171,172,220,8,163,9,4
V000447,121,6,2,127,129,220,11,116,9,5
V000448,146,11,3,157,160,220,14,143,14,6
V000449,172,2,4,174,178,220,5,169,19,7
V000450,123,7,5,130,135,220,8,122,17,8
V000451,126,12,0,138,138,186,11,127,7,0
V000452,159,3,1,162,163,186,12,150,11,1
V000453,107,8,2,115,117,186,5,110,10,2
V000454,127,13,3,140,143,186,8,132,15,3
V000455,162,4,4,166,170,186,11,155,22,4
V000456,118,9,5,127,132,186,12,115,6,5
V000457,131,14,0,145,145,189,5,140,10,6
V000458,102,5,1,107,108,189,8,99,10,7
V000459,123,10,2,133,135,189,11,122,15,8
V000460,142,15,3,157,160,189,12,145,20,0
V000461,103,6,4,109,113,189,5,104,5,1
V000462,124,11,5,135,140,189,8,127,9,2
V000463,182,2,0,184,184,220,11,173,17,3
V000464,133,7,1,140,141,220,14,126,15,4
V000465,146,12,2,158,160,220,5,153,21,5
V000466,185,3,3,188,191,220,8,180,9,6
V000467,136,8,4,144,148,220,11,133,10,7
V000468,160,13,5,173,178,220,14,159,16,8
V000469,97,4,0,101,101,186,5,96,11,0
V000470,117,9,1,126,127,186,8,118,16,1
V000471,138,14,2,152,154,186,11,141,8,2
V000472,108,5,3,113,116,186,12,101,8,3
V000473,119,10,4,129,133,186,5,124,12,4
V000474,139,15,5,154,159,186,8,146,17,5
V000475,113,6,0,119,119,189,11,108,15,6
V000476,132,11,1,143,144,189,12,131,7,7
V000477,157,2,2,159,161,189,5,154,11,8
V000478,114,7,3,121,124,189,8,113,11,0
V000479,135,12,4,147,151,189,11,136,16,1
V000480,168,3,5,171,176,189,12,159,22,2
V000481,134,8,0,142,142,220,5,137,7,3
V000482,158,13,1,171,172,220,8,163,12,4
V000483,123,4,2,127,129,220,11,116,11,5
V000484,148,9,3,157,160,220,14,143,17,6
V000485,160,14,4,174,178,220,5,169,23,7
V000486,125,5,5,130,135,220,8,122,7,8
V000487,128,10,0,138,138,186,11,127,10,0
V000488,147,15,1,162,163,186,12,150,15,1
V000489,109,6,2,115,117,186,5,110,13,2
V000490,129,11,3,140,143,186,8,132,18,3
V000491,164,2,4,166,170,186,11,155,8,4
V000492,120,7,5,127,132,186,12,115,9,5
V000493,133,12,0,145,145,189,5,140,13,6
V000494,104,3,1,107,108,189,8,99,12,7
V000495,125,8,2,133,135,189,11,122,17,8
V000496,144,13,3,157,160,189,12,145,8,0
V000497,105,4,4,109,113,189,5,104,8,1
V000498,0,0,0,0,0,189,0,0,0,0
V000499,170,14,0,184,184,220,11,173,20,3
V000500,135,5,1,140,141,220,14,126,18,4
V000501,148,10,2,158,160,220,5,153,8,5
V000502,173,15,3,188,191,220,8,180,13,6
V000503,138,6,4,144,148,220,11,133,13,7
V000504,162,11,5,173,178,220,14,159,19,8
V000505,99,2,0,101,101,186,5,96,13,0
V000506,119,7,1,126,127,186,8,118,6,1
V000507,140,12,2,152,154,186,11,141,11,2
V000508,110,3,3,113,116,186,12,101,10,3
V000509,121,8,4,129,133,186,5,124,14,4
V000510,141,13,5,154,159,186,8,146,20,5
V000511,115,4,0,119,119,189,11,108,6,6
V000512,134,9,1,143,144,189,12,131,10,7
V000513,145,14,2,159,161,189,5,154,14,8
V000514,116,5,3,121,124,189,8,113,13,0
V000515,137,10,4,147,151,189,11,136,19,1
V000516,156,15,5,171,176,189,12,159,9,2
V000517,136,6,0,142,142,220,5,137,10,3
V000518,160,11,1,171,172,220,8,163,15,4
V000519,125,2,2,127,129,220,11,116,14,5
V000520,150,7,3,157,160,220,14,143,20,6
V000521,162,12,4,174,178,220,5,169,9,7
V000522,127,3,5,130,135,220,8,122,9,8
V000523,130,8,0,138,138,186,11,127,12,0
V000524,149,13,1,162,163,186,12,150,18,1
V000525,111,4,2,115,117,186,5,110,15,2
V000526,131,9,3,140,143,186,8,132,7,3
V000527,152,14,4,166,170,186,11,155,12,4
V000528,122,5,5,127,132,186,12,115,11,5
V000529,135,10,0,145,145,189,5,140,16,6
V000530,92,15,1,107,108,189,8,99,14,7
V000531,127,6,2,133,135,189,11,122,7,8
V000532,146,11,3,157,160,189,12,145,11,0
V000533,107,2,4,109,113,189,5,104,10,1
V000534,128,7,5,135,140,189,8,127,15,2
V000535,172,12,0,184,184,220,11,173,24,3
V000536,137,3,1,140,141,220,14,126,7,4
V000537,150,8,2,158,160,220,5,153,11,5
V000538,175,13,3,188,191,220,8,180,17,6
V000539,140,4,4,144,148,220,11,133,16,7
V000540,164,9,5,173,178,220,14,159,22,8
V000541,87,14,0,101,101,186,5,96,5,0
V000542,121,5,1,126,127,186,8,118,9,1
V000543,142,10,2,152,154,186,11,141,14,2
V000544,98,15,3,113,116,186,12,101,12,3
V000545,123,6,4,129,133,186,5,124,17,4
V000546,143,11,5,154,159,186,8,146,8,5
V000547,117,2,0,119,119,189,11,108,8,6
V000548,136,7,1,143,144,189,12,131,13,7
V000549,147,12,2,159,161,189,5,154,17,8
V000550,118,3,3,121,124,189,8,113,16,0
V000551,139,8,4,147,151,189,11,136,7,1
V000552,158,13,5,171,176,189,12,159,12,2
V000553,138,4,0,142,142,220,5,137,13,3
V000554,162,9,1,171,172,220,8,163,19,4
V000555,113,14,2,127,129,220,11,116,17,5
V000556,152,5,3,157,160,220,14,143,8,6
V000557,164,10,4,174,178,220,5,169,12,7
V000558,115,15,5,130,135,220,8,122,12,8
V000559,132,6,0,138,138,186,11,127,15,0
V000560,151,11,1,162,163,186,12,150,21,1
V000561,113,2,2,115,117,186,5,110,6,2
V000562,133,7,3,140,143,186,8,132,10,3
V000563,154,12,4,166,170,186,11,155,15,4
V000564,124,3,5,127,132,186,12,115,14,5
V000565,137,8,0,145,145,189,5,140,19,6
V000566,94,13,1,107,108,189,8,99,5,7
V000567,129,4,2,133,135,189,11,122,9,8
V000568,148,9,3,157,160,189,12,145,14,0
V000569,0,0,0,0,0,189,0,0,0,0
V000570,130,5,5,135,140,189,8,127,18,2
V000571,174,10,0,184,184,220,11,173,9,3
V000572,125,15,1,140,141,220,14,126,10,4
V000573,152,6,2,158,160,220,5,153,14,5
V000574,177,11,3,188,191,220,8,180,21,6
V000575,142,2,4,144,148,220,11,133,19,7
V000576,166,7,5,173,178,220,14,159,9,8
V000577,89,12,0,101,101,186,5,96,7,0
V000578,123,3,1,126,127,186,8,118,11,1
V000579,144,8,2,152,154,186,11,141,17,2
V000580,100,13,3,113,116,186,12,101,15,3
V000581,125,4,4,129,133,186,5,124,6,4
V000582,145,9,5,154,159,186,8,146,11,5
V000583,105,14,0,119,119,189,11,108,11,6
V000584,138,5,1,143,144,189,12,131,16,7
V000585,149,10,2,159,161,189,5,154,21,8
V000586,106,15,3,121,124,189,8,113,6,0
V000587,141,6,4,147,151,189,11,136,10,1
V000588,160,11,5,171,176,189,12,159,15,2
V000589,140,2,0,142,142,220,5,137,16,3
V000590,164,7,1,171,172,220,8,163,22,4
V000591,115,12,2,127,129,220,11,116,6,5
V000592,154,3,3,157,160,220,14,143,11,6
V000593,166,8,4,174,178,220,5,169,16,7
V000594,117,13,5,130,135,220,8,122,14,8
V000595,134,4,0,138,138,186,11,127,18,0
V000596,153,9,1,162,163,186,12,150,8,1
V000597,101,14,2,115,117,186,5,110,8,2
V000598,135,5,3,140,143,186,8,132,13,3
V000599,156,10,4,166,170,186,11,155,18,4
V000600,112,15,5,127,132,186,12,115,17,5
V000601,139,6,0,145,145,189,5,140,7,6
V000602,96,11,1,107,108,189,8,99,7,7
V000603,131,2,2,133,135,189,11,122,12,8
V000604,150,7,3,157,160,189,12,145,17,0
V000605,97,12,4,109,113,189,5,104,14,1
V000606,132,3,5,135,140,189,8,127,7,2
V000607,176,8,0,184,184,220,11,173,13,3
V000608,127,13,1,140,141,220,14,126,13,4
V000609,154,4,2,158,160,220,5,153,17,5
V000610,179,9,3,188,191,220,8,180,24,6
V000611,130,14,4,144,148,220,11,133,7,7
V000612,168,5,5,173,178,220,14,159,12,8
V000613,91,10,0,101,101,186,5,96,9,0
V000614,111,15,1,126,127,186,8,118,14,1
V000615,146,6,2,152,154,186,11,141,20,2
V000616,102,11,3,113,116,186,12,101,6,3
V000617,127,2,4,129,133,186,5,124,9,4
V000618,147,7,5,154,159,186,8,146,14,5
V000619,107,12,0,119,119,189,11,108,13,6
V000620,140,3,1,143,144,189,12,131,19,7
V000621,151,8,2,159,161,189,5,154,8,8
V000622,108,13,3,121,124,189,8,113,8,0
V000623,143,4,4,147,151,189,11,136,13,1
V000624,162,9,5,171,176,189,12,159,19,2
V000625,128,14,0,142,142,220,5,137,18,3
V000626,166,5,1,171,172,220,8,163,9,4
V000627,117,10,2,127,129,220,11,116,9,5
V000628,142,15,3,157,160,220,14,143,14,6
V000629,168,6,4,174,178,220,5,169,19,7
V000630,119,11,5,130,135,220,8,122,17,8
V000631,136,2,0,138,138,186,11,127,7,0
V000632,155,7,1,162,163,186,12,150,11,1
V000633,103,12,2,115,117,186,5,110,10,2
V000634,137,3,3,140,143,186,8,132,15,3
V000635,158,8,4,166,170,186,11,155,22,4
V000636,114,13,5,127,132,186,12,115,6,5
V000637,141,4,0,145,145,189,5,140,10,6
V000638,98,9,1,107,108,189,8,99,10,7
V000639,119,14,2,133,135,189,11,122,15,8
V000640,0,0,0,0,0,189,0,0,0,0
V000641,99,10,4,109,113,189,5,104,5,1
V000642,120,15,5,135,140,189,8,127,9,2
V000643,178,6,0,184,184,220,11,173,17,3
V000644,129,11,1,140,141,220,14,126,15,4
V000645,156,2,2,158,160,220,5,153,21,5
V000646,181,7,3,188,191,220,8,180,9,6
V000647,132,12,4,144,148,220,11,133,10,7
V000648,170,3,5,173,178,220,14,159,16,8
V000649,93,8,0,101,101,186,5,96,11,0
V000650,113,13,1,126,127,186,8,118,16,1
V000651,148,4,2,152,154,186,11,141,8,2
V000652,104,9,3,113,116,186,12,101,8,3
V000653,115,14,4,129,133,186,5,124,12,4
V000654,149,5,5,154,159,186,8,146,17,5
V000655,109,10,0,119,119,189,11,108,15,6
V000656,128,15,1,143,144,189,12,131,7,7
V000657,153,6,2,159,161,189,5,154,11,8
V000658,110,11,3,121,124,189,8,113,11,0
V000659,145,2,4,147,151,189,11,136,16,1
V000660,164,7,5,171,176,189,12,159,22,2
V000661,130,12,0,142,142,220,5,137,7,3
V000662,168,3,1,171,172,220,8,163,12,4
V000663,119,8,2,127,129,220,11,116,11,5
V000664,144,13,3,157,160,220,14,143,17,6
V000665,170,4,4,174,178,220,5,169,23,7
V000666,121,9,5,130,135,220,8,122,7,8
V000667,124,14,0,138,138,186,11,127,10,0
V000668,157,5,1,162,163,186,12,150,15,1
V000669,105,10,2,115,117,186,5,110,13,2
V000670,125,15,3,140,143,186,8,132,18,3
V000671,160,6,4,166,170,186,11,155,8,4
V000672,116,11,5,127,132,186,12,115,9,5
V000673,143,2,0,145,145,189,5,140,13,6
V000674,100,7,1,107,108,189,8,99,12,7
V000675,121,12,2,133,135,189,11,122,17,8
V000676,154,3,3,157,160,189,12,145,8,0
V000677,101,8,4,109,113,189,5,104,8,1
V000678,122,13,5,135,140,189,8,127,12,2
V000679,180,4,0,184,184,220,11,173,20,3
V000680,131,9,1,140,141,220,14,126,18,4
V000681,144,14,2,158,160,220,5,153,8,5
V000682,183,5,3,188,191,220,8,180,13,6
V000683,134,10,4,144,148,220,11,133,13,7
V000684,158,15,5,173,178,220,14,159,19,8
V000685,95,6,0,101,101,186,5,96,13,0
V000686,115,11,1,126,127,186,8,118,6,1
V000687,150,2,2,152,154,186,11,141,11,2
V000688,106,7,3,113,116,186,12,101,10,3
V000689,117,12,4,129,133,186,5,124,14,4
V000690,151,3,5,154,159,186,8,146,20,5
V000691,111,8,0,119,119,189,11,108,6,6
V000692,130,13,1,143,144,189,12,131,10,7
V000693,155,4,2,159,161,189,5,154,14,8
V000694,112,9,3,121,124,189,8,113,13,0
V000695,133,14,4,147,151,189,11,136,19,1
V000696,166,5,5,171,176,189,12,159,9,2
V000697,132,10,0,142,142,220,5,137,10,3
V000698,156,15,1,171,172,220,8,163,15,4
V000699,121,6,2,127,129,220,11,116,14,5
V000700,146,11,3,157,160,220,14,143,20,6
V000701,172,2,4,174,178,220,5,169,9,7
V000702,123,7,5,130,135,220,8,122,9,8
V000703,126,12,0,138,138,186,11,127,12,0
V000704,159,3,1,162,163,186,12,150,18,1
V000705,107,8,2,115,117,186,5,110,15,2
V000706,127,13,3,140,143,186,8,132,7,3
V000707,162,4,4,166,170,186,11,155,12,4
V000708,118,9,5,127,132,186,12,115,11,5
V000709,131,14,0,145,145,189,5,140,16,6
V000710,102,5,1,107,108,189,8,99,14,7
V000711,0,0,0,0,0,189,0,0,0,0
V000712,142,15,3,157,160,189,12,145,11,0
V000713,103,6,4,109,113,189,5,104,10,1
V000714,124,11,5,135,140,189,8,127,15,2
V000715,182,2,0,184,184,220,11,173,24,3
V000716,133,7,1,140,141,220,14,126,7,4
V000717,146,12,2,158,160,220,5,153,11,5
V000718,185,3,3,188,191,220,8,180,17,6
V000719,136,8,4,144,148,220,11,133,16,7
V000720,160,13,5,173,178,220,14,159,22,8
V000721,97,4,0,101,101,186,5,96,5,0
V000722,117,9,1,126,127,186,8,118,9,1
V000723,138,14,2,152,154,186,11,141,14,2
V000724,108,5,3,113,116,186,12,101,12,3
V000725,119,10,4,129,133,186,5,124,17,4
V000726,139,15,5,154,159,186,8,146,8,5
V000727,113,6,0,119,119,189,11,108,8,6
V000728,132,11,1,143,144,189,12,131,13,7
V000729,157,2,2,159,161,189,5,154,17,8
V000730,114,7,3,121,124,189,8,113,16,0
V000731,135,12,4,147,151,189,11,136,7,1
V000732,168,3,5,171,176,189,12,159,12,2
V000733,134,8,0,142,142,220,5,137,13,3
V000734,158,13,1,171,172,220,8,163,19,4
V000735,123,4,2,127,129,220,11,116,17,5
V000736,148,9,3,157,160,220,14,143,8,6
V000737,160,14,4,174,178,220,5,169,12,7
V000738,125,5,5,130,135,220,8,122,12,8
V000739,128,10,0,138,138,186,11,127,15,0
V000740,147,15,1,162,163,186,12,150,21,1
V000741,109,6,2,115,117,186,5,110,6,2
V000742,129,11,3,140,143,186,8,132,10,3
V000743,164,2,4,166,170,186,11,155,15,4
V000744,120,7,5,127,132,186,12,115,14,5
V000745,133,12,0,145,145,189,5,140,19,6
V000746,104,3,1,107,108,189,8,99,5,7
V000747,125,8,2,133,135,189,11,122,9,8
V000748,144,13,3,157,160,189,12,145,14,0
V000749,105,4,4,109,113,189,5,104,12,1
V000750,126,9,5,135,140,189,8,127,18,2
V000751,170,14,0,184,184,220,11,173,9,3
V000752,135,5,1,140,141,220,14,126,10,4
V000753,148,10,2,158,160,220,5,153,14,5
V000754,173,15,3,188,191,220,8,180,21,6
V000755,138,6,4,144,148,220,11,133,19,7
V000756,162,11,5,173,178,220,14,159,9,8
V000757,99,2,0,101,101,186,5,96,7,0
V000758,119,7,1,126,127,186,8,118,11,1
V000759,140,12,2,152,154,186,11,141,17,2
V000760,110,3,3,113,116,186,12,101,15,3
V000761,121,8,4,129,133,186,5,124,6,4
V000762,141,13,5,154,159,186,8,146,11,5
V000763,115,4,0,119,119,189,11,108,11,6
V000764,134,9,1,143,144,189,12,131,16,7
V000765,145,14,2,159,161,189,5,154,21,8
V000766,116,5,3,121,124,189,8,113,6,0
V000767,137,10,4,147,151,189,11,136,10,1
V000768,156,15,5,171,176,189,12,159,15,2
V000769,136,6,0,142,142,220,5,137,16,3
V000770,160,11,1,171,172,220,8,163,22,4
V000771,125,2,2,127,129,220,11,116,6,5
V000772,150,7,3,157,160,220,14,143,11,6
V000773,162,12,4,174,178,220,5,169,16,7
V000774,127,3,5,130,135,220,8,122,14,8
V000775,130,8,0,138,138,186,11,127,18,0
V000776,149,13,1,162,163,186,12,150,8,1
V000777,111,4,2,115,117,186,5,110,8,2
V000778,131,9,3,140,143,186,8,132,13,3
V000779,152,14,4,166,170,186,11,155,18,4
V000780,122,5,5,127,132,186,12,115,17,5
V000781,135,10,0,145,145,189,5,140,7,6
V000782,0,0,0,0,0,189,0,0,0,0
V000783,127,6,2,133,135,189,11,122,12,8
V000784,146,11,3,157,160,189,12,145,17,0
V000785,107,2,4,109,113,189,5,104,14,1
V000786,128,7,5,135,140,189,8,127,7,2
V000787,172,12,0,184,184,220,11,173,13,3
V000788,137,3,1,140,141,220,14,126,13,4
V000789,150,8,2,158,160,220,5,153,17,5
V000790,175,13,3,188,191,220,8,180,24,6
V000791,140,4,4,144,148,220,11,133,7,7
V000792,164,9,5,173,178,220,14,159,12,8
V000793,87,14,0,101,101,186,5,96,9,0
V000794,121,5,1,126,127,186,8,118,14,1
V000795,142,10,2,152,154,186,11,141,20,2
V000796,98,15,3,113,116,186,12,101,6,3
V000797,123,6,4,129,133,186,5,124,9,4
V000798,143,11,5,154,159,186,8,146,14,5
V000799,117,2,0,119,119,189,11,108,13,6
V000800,136,7,1,143,144,189,12,131,19,7
V000801,147,12,2,159,161,189,5,154,8,8
V000802,118,3,3,121,124,189,8,113,8,0
V000803,139,8,4,147,151,189,11,136,13,1
V000804,158,13,5,171,176,189,12,159,19,2
V000805,138,4,0,142,142,220,5,137,18,3
V000806,162,9,1,171,172,220,8,163,9,4
V000807,113,14,2,127,129,220,11,116,9,5
V000808,152,5,3,157,160,220,14,143,14,6
V000809,164,10,4,174,178,220,5,169,19,7
V000810,115,15,5,130,135,220,8,122,17,8
V000811,132,6,0,138,138,186,11,127,7,0
V000812,151,11,1,162,163,186,12,150,11,1
V000813,113,2,2,115,117,186,5,110,10,2
V000814,133,7,3,140,143,186,8,132,15,3
V000815,154,12,4,166,170,186,11,155,22,4
V000816,124,3,5,127,132,186,12,115,6,5
V000817,137,8,0,145,145,189,5,140,10,6
V000818,94,13,1,107,108,189,8,99,10,7
V000819,129,4,2,133,135,189,11,122,15,8
V000820,148,9,3,157,160,189,12,145,20,0
V000821,95,14,4,109,113,189,5,104,5,1
V000822,130,5,5,135,140,189,8,127,9,2
V000823,174,10,0,184,184,220,11,173,17,3
V000824,125,15,1,140,141,220,14,126,15,4
V000825,152,6,2,158,160,220,5,153,21,5
V000826,177,11,3,188,191,220,8,180,9,6
V000827,142,2,4,144,148,220,11,133,10,7
V000828,166,7,5,173,178,220,14,159,16,8
V000829,89,12,0,101,101,186,5,96,11,0
V000830,123,3,1,126,127,186,8,118,16,1
V000831,144,8,2,152,154,186,11,141,8,2
V000832,100,13,3,113,116,186,12,101,8,3
V000833,125,4,4,129,133,186,5,124,12,4
V000834,145,9,5,154,159,186,8,146,17,5
V000835,105,14,0,119,119,189,11,108,15,6
V000836,138,5,1,143,144,189,12,131,7,7
V000837,149,10,2,159,161,189,5,154,11,8
V000838,106,15,3,121,124,189,8,113,11,0
V000839,141,6,4,147,151,189,11,136,16,1
V000840,160,11,5,171,176,189,12,159,22,2
V000841,140,2,0,142,142,220,5,137,7,3
V000842,164,7,1,171,172,220,8,163,12,4
V000843,115,12,2,127,129,220,11,116,11,5
V000844,154,3,3,157,160,220,14,143,17,6
V000845,166,8,4,174,178,220,5,169,23,7
V000846,117,13,5,130,135,220,8,122,7,8
V000847,134,4,0,138,138,186,11,127,10,0
V000848,153,9,1,162,163,186,12,150,15,1
V000849,101,14,2,115,117,186,5,110,13,2
V000850,135,5,3,140,143,186,8,132,18,3
V000851,156,10,4,166,170,186,11,155,8,4
V000852,112,15,5,127,132,186,12,115,9,5
V000853,0,0,0,0,0,189,0,0,0,0
V000854,96,11,1,107,108,189,8,99,12,7
V000855,131,2,2,133,135,189,11,122,17,8
V000856,150,7,3,157,160,189,12,145,8,0
V000857,97,12,4,109,113,189,5,104,8,1
V000858,132,3,5,135,140,189,8,127,12,2
V000859,176,8,0,184,184,220,11,173,20,3
V000860,127,13,1,140,141,220,14,126,18,4
V000861,154,4,2,158,160,220,5,153,8,5
V000862,179,9,3,188,191,220,8,180,13,6
V000863,130,14,4,144,148,220,11,133,13,7
V000864,168,5,5,173,178,220,14,159,19,8
V000865,91,10,0,101,101,186,5,96,13,0
V000866,111,15,1,126,127,186,8,118,6,1
V000867,146,6,2,152,154,186,11,141,11,2
V000868,102,11,3,113,116,186,12,101,10,3
V000869,127,2,4,129,133,186,5,124,14,4
V000870,147,7,5,154,159,186,8,146,20,5
V000871,107,12,0,119,119,189,11,108,6,6
V000872,140,3,1,143,144,189,12,131,10,7
V000873,151,8,2,159,161,189,5,154,14,8
V000874,108,13,3,121,124,189,8,113,13,0
V000875,143,4,4,147,151,189,11,136,19,1
V000876,162,9,5,171,176,189,12,159,9,2
V000877,128,14,0,142,142,220,5,137,10,3
V000878,166,5,1,171,172,220,8,163,15,4
V000879,117,10,2,127,129,220,11,116,14,5
V000880,142,15,3,157,160,220,14,143,20,6
V000881,168,6,4,174,178,220,5,169,9,7
V000882,119,11,5,130,135,220,8,122,9,8
V000883,136,2,0,138,138,186,11,127,12,0
V000884,155,7,1,162,163,186,12,150,18,1
V000885,103,12,2,115,117,186,5,110,15,2
V000886,137,3,3,140,143,186,8,132,7,3
V000887,158,8,4,166,170,186,11,155,12,4
V000888,114,13,5,127,132,186,12,115,11,5
V000889,141,4,0,145,145,189,5,140,16,6
V000890,98,9,1,107,108,189,8,99,14,7
V000891,119,14,2,133,135,189,11,122,7,8
V000892,152,5,3,157,160,189,12,145,11,0
V000893,99,10,4,109,113,189,5,104,10,1
V000894,120,15,5,135,140,189,8,127,15,2
V000895,178,6,0,184,184,220,11,173,24,3
V000896,129,11,1,140,141,220,14,126,7,4
V000897,156,2,2,158,160,220,5,153,11,5
V000898,181,7,3,188,191,220,8,180,17,6
V000899,132,12,4,144,148,220,11,133,16,7
V000900,170,3,5,173,178,220,14,159,22,8
V000901,93,8,0,101,101,186,5,96,5,0
V000902,113,13,1,126,127,186,8,118,9,1
V000903,148,4,2,152,154,186,11,141,14,2
V000904,104,9,3,113,116,186,12,101,12,3
V000905,115,14,4,129,133,186,5,124,17,4
V000906,149,5,5,154,159,186,8,146,8,5
V000907,109,10,0,119,119,189,11,108,8,6
V000908,128,15,1,143,144,189,12,131,13,7
V000909,153,6,2,159,161,189,5,154,17,8
V000910,110,11,3,121,124,189,8,113,16,0
V000911,145,2,4,147,151,189,11,136,7,1
V000912,164,7,5,171,176,189,12,159,12,2
V000913,130,12,0,142,142,220,5,137,13,3
V000914,168,3,1,171,172,220,8,163,19,4
V000915,119,8,2,127,129,220,11,116,17,5
V000916,144,13,3,157,160,220,14,143,8,6
V000917,170,4,4,174,178,220,5,169,12,7
V000918,121,9,5,130,135,220,8,122,12,8
V000919,124,14,0,138,138,186,11,127,15,0
V000920,157,5,1,162,163,186,12,150,21,1
V000921,105,10,2,115,117,186,5,110,6,2
V000922,125,15,3,140,143,186,8,132,10,3
V000923,160,6,4,166,170,186,11,155,15,4
V000924,0,0,0,0,0,186,0,0,0,0
V000925,143,2,0,145,145,189,5,140,19,6
V000926,100,7,1,107,108,189,8,99,5,7
V000927,121,12,2,133,135,189,11,122,9,8
V000928,154,3,3,157,160,189,12,145,14,0
V000929,101,8,4,109,113,189,5,104,12,1
V000930,122,13,5,135,140,189,8,127,18,2
V000931,180,4,0,184,184,220,11,173,9,3
V000932,131,9,1,140,141,220,14,126,10,4
V000933,144,14,2,158,160,220,5,153,14,5
V000934,183,5,3,188,191,220,8,180,21,6
V000935,134,10,4,144,148,220,11,133,19,7
V000936,158,15,5,173,178,220,14,159,9,8
V000937,95,6,0,101,101,186,5,96,7,0
V000938,115,11,1,126,127,186,8,118,11,1
V000939,150,2,2,152,154,186,11,141,17,2
V000940,106,7,3,113,116,186,12,101,15,3
V000941,117,12,4,129,133,186,5,124,6,4
V000942,151,3,5,154,159,186,8,146,11,5
V000943,111,8,0,119,119,189,11,108,11,6
V000944,130,13,1,143,144,189,12,131,16,7
V000945,155,4,2,159,161,189,5,154,21,8
V000946,112,9,3,121,124,189,8,113,6,0
V000947,133,14,4,147,151,189,11,136,10,1
V000948,166,5,5,171,176,189,12,159,15,2
V000949,132,10,0,142,142,220,5,137,16,3
V000950,156,15,1,171,172,220,8,163,22,4
V000951,121,6,2,127,129,220,11,116,6,5
V000952,146,11,3,157,160,220,14,143,11,6
V000953,172,2,4,174,178,220,5,169,16,7
V000954,123,7,5,130,135,220,8,122,14,8
V000955,126,12,0,138,138,186,11,127,18,0
V000956,159,3,1,162,163,186,12,150,8,1
V000957,107,8,2,115,117,186,5,110,8,2
V000958,127,13,3,140,143,186,8,132,13,3
V000959,162,4,4,166,170,186,11,155,18,4
V000960,118,9,5,127,132,186,12,115,17,5
V000961,131,14,0,145,145,189,5,140,7,6
V000962,102,5,1,107,108,189,8,99,7,7
V000963,123,10,2,133,135,189,11,122,12,8
V000964,142,15,3,157,160,189,12,145,17,0
V000965,103,6,4,109,113,189,5,104,14,1
V000966,124,11,5,135,140,189,8,127,7,2
V000967,182,2,0,184,184,220,11,173,13,3
V000968,133,7,1,140,141,220,14,126,13,4
V000969,146,12,2,158,160,220,5,153,17,5
V000970,185,3,3,188,191,220,8,180,24,6
V000971,136,8,4,144,148,220,11,133,7,7
V000972,160,13,5,173,178,220,14,159,12,8
V000973,97,4,0,101,101,186,5,96,9,0
V000974,117,9,1,126,127,186,8,118,14,1
V000975,138,14,2,152,154,186,11,141,20,2
V000976,108,5,3,113,116,186,12,101,6,3
V000977,119,10,4,129,133,186,5,124,9,4
V000978,139,15,5,154,159,186,8,146,14,5
V000979,113,6,0,119,119,189,11,108,13,6
V000980,132,11,1,143,144,189,12,131,19,7
V000981,157,2,2,159,161,189,5,154,8,8
V000982,114,7,3,121,124,189,8,113,8,0
V000983,135,12,4,147,151,189,11,136,13,1
V000984,168,3,5,171,176,189,12,159,19,2
V000985,134,8,0,142,142,220,5,137,18,3
V000986,158,13,1,171,172,220,8,163,9,4
V000987,123,4,2,127,129,220,11,116,9,5
V000988,148,9,3,157,160,220,14,143,14,6
V000989,160,14,4,174,178,220,5,169,19,7
V000990,125,5,5,130,135,220,8,122,17,8
V000991,128,10,0,138,138,186,11,127,7,0
V000992,147,15,1,162,163,186,12,150,11,1
V000993,109,6,2,115,117,186,5,110,10,2
V000994,129,11,3,140,143,186,8,132,15,3
V000995,0,0,0,0,0,186,0,0,0,0
V000996,120,7,5,127,132,186,12,115,6,5
V000997,133,12,0,145,145,189,5,140,10,6
V000998,104,3,1,107,108,189,8,99,10,7
V000999,125,8,2,133,135,189,11,122,15,8
V001000,144,13,3,157,160,189,12,145,20,0
V001001,105,4,4,109,113,189,5,104,5,1
V001002,126,9,5,135,140,189,8,127,9,2
V001003,170,14,0,184,184,220,11,173,17,3
V001004,135,5,1,140,141,220,14,126,15,4
V001005,148,10,2,158,160,220,5,153,21,5
V001006,173,15,3,188,191,220,8,180,9,6
V001007,138,6,4,144,148,220,11,133,10,7
V001008,162,11,5,173,178,220,14,159,16,8
V001009,99,2,0,101,101,186,5,96,11,0
V001010,119,7,1,126,127,186,8,118,16,1
V001011,140,12,2,152,154,186,11,141,8,2
V001012,110,3,3,113,116,186,12,101,8,3
V001013,121,8,4,129,133,186,5,124,12,4
V001014,141,13,5,154,159,186,8,146,17,5
V001015,115,4,0,119,119,189,11,108,15,6
V001016,134,9,1,143,144,189,12,131,7,7
V001017,145,14,2,159,161,189,5,154,11,8
V001018,116,5,3,121,124,189,8,113,11,0
V001019,137,10,4,147,151,189,11,136,16,1
V001020,156,15,5,171,176,189,12,159,22,2
V001021,136,6,0,142,142,220,5,137,7,3
V001022,160,11,1,171,172,220,8,163,12,4
V001023,125,2,2,127,129,220,11,116,11,5
V001024,150,7,3,157,160,220,14,143,17,6
V001025,162,12,4,174,178,220,5,169,23,7
V001026,127,3,5,130,135,220,8,122,7,8
V001027,130,8,0,138,138,186,11,127,10,0
V001028,149,13,1,162,163,186,12,150,15,1
V001029,111,4,2,115,117,186,5,110,13,2
V001030,131,9,3,140,143,186,8,132,18,3
V001031,152,14,4,166,170,186,11,155,8,4
V001032,122,5,5,127,132,186,12,115,9,5
V001033,135,10,0,145,145,189,5,140,13,6
V001034,92,15,1,107,108,189,8,99,12,7
V001035,127,6,2,133,135,189,11,122,17,8
V001036,146,11,3,157,160,189,12,145,8,0
V001037,107,2,4,109,113,189,5,104,8,1
V001038,128,7,5,135,140,189,8,127,12,2
V001039,172,12,0,184,184,220,11,173,20,3
V001040,137,3,1,140,141,220,14,126,18,4
V001041,150,8,2,158,160,220,5,153,8,5
V001042,175,13,3,188,191,220,8,180,13,6
V001043,140,4,4,144,148,220,11,133,13,7
V001044,164,9,5,173,178,220,14,159,19,8
V001045,87,14,0,101,101,186,5,96,13,0
V001046,121,5,1,126,127,186,8,118,6,1
V001047,142,10,2,152,154,186,11,141,11,2
V001048,98,15,3,113,116,186,12,101,10,3
V001049,123,6,4,129,133,186,5,124,14,4
V001050,143,11,5,154,159,186,8,146,20,5
V001051,117,2,0,119,119,189,11,108,6,6
V001052,136,7,1,143,144,189,12,131,10,7
V001053,147,12,2,159,161,189,5,154,14,8
V001054,118,3,3,121,124,189,8,113,13,0
V001055,139,8,4,147,151,189,11,136,19,1
V001056,158,13,5,171,176,189,12,159,9,2
V001057,138,4,0,142,142,220,5,137,10,3
V001058,162,9,1,171,172,220,8,163,15,4
V001059,113,14,2,127,129,220,11,116,14,5
V001060,152,5,3,157,160,220,14,143,20,6
V001061,164,10,4,174,178,220,5,169,9,7
V001062,115,15,5,130,135,220,8,122,9,8
V001063,132,6,0,138,138,186,11,127,12,0
V001064,151,11,1,162,163,186,12,150,18,1
V001065,113,2,2,115,117,186,5,110,15,2
V001066,0,0,0,0,0,186,0,0,0,0
V001067,154,12,4,166,170,186,11,155,12,4
V001068,124,3,5,127,132,186,12,115,11,5
V001069,137,8,0,145,145,189,5,140,16,6
V001070,94,13,1,107,108,189,8,99,14,7
V001071,129,4,2,133,135,189,11,122,7,8
V001072,148,9,3,157,160,189,12,145,11,0
V001073,95,14,4,109,113,189,5,104,10,1
V001074,130,5,5,135,140,189,8,127,15,2
V001075,174,10,0,184,184,220,11,173,24,3
V001076,125,15,1,140,141,220,14,126,7,4
V001077,152,6,2,158,160,220,5,153,11,5
V001078,177,11,3,188,191,220,8,180,17,6
V001079,142,2,4,144,148,220,11,133,16,7
V001080,166,7,5,173,178,220,14,159,22,8
V001081,89,12,0,101,101,186,5,96,5,0
V001082,123,3,1,126,127,186,8,118,9,1
V001083,144,8,2,152,154,186,11,141,14,2
V001084,100,13,3,113,116,186,12,101,12,3
V001085,125,4,4,129,133,186,5,124,17,4
V001086,145,9,5,154,159,186,8,146,8,5
V001087,105,14,0,119,119,189,11,108,8,6
V001088,138,5,1,143,144,189,12,131,13,7
V001089,149,10,2,159,161,189,5,154,17,8
V001090,106,15,3,121,124,189,8,113,16,0
V001091,141,6,4,147,151,189,11,136,7,1
V001092,160,11,5,171,176,189,12,159,12,2
V001093,140,2,0,142,142,220,5,137,13,3
V001094,164,7,1,171,172,220,8,163,19,4
V001095,115,12,2,127,129,220,11,116,17,5
V001096,154,3,3,157,160,220,14,143,8,6
V001097,166,8,4,174,178,220,5,169,12,7
V001098,117,13,5,130,135,220,8,122,12,8
V001099,134,4,0,138,138,186,11,127,15,0
V001100,153,9,1,162,163,186,12,150,21,1
V001101,101,14,2,115,117,186,5,110,6,2
V001102,135,5,3,140,143,186,8,132,10,3
V001103,156,10,4,166,170,186,11,155,15,4
V001104,112,15,5,127,132,186,12,115,14,5
V001105,139,6,0,145,145,189,5,140,19,6
V001106,96,11,1,107,108,189,8,99,5,7
V001107,131,2,2,133,135,189,11,122,9,8
V001108,150,7,3,157,160,189,12,145,14,0
V001109,97,12,4,109,113,189,5,104,12,1
V001110,132,3,5,135,140,189,8,127,18,2
V001111,176,8,0,184,184,220,11,173,9,3
V001112,127,13,1,140,141,220,14,126,10,4
V001113,154,4,2,158,160,220,5,153,14,5
V001114,179,9,3,188,191,220,8,180,21,6
V001115,130,14,4,144,148,220,11,133,19,7
V001116,168,5,5,173,178,220,14,159,9,8
V001117,91,10,0,101,101,186,5,96,7,0
V001118,111,15,1,126,127,186,8,118,11,1
V001119,146,6,2,152,154,186,11,141,17,2
V001120,102,11,3,113,116,186,12,101,15,3
V001121,127,2,4,129,133,186,5,124,6,4
V001122,147,7,5,154,159,186,8,146,11,5
V001123,107,12,0,119,119,189,11,108,11,6
V001124,140,3,1,143,144,189,12,131,16,7
V001125,151,8,2,159,161,189,5,154,21,8
V001126,108,13,3,121,124,189,8,113,6,0
V001127,143,4,4,147,151,189,11,136,10,1
V001128,162,9,5,171,176,189,12,159,15,2
V001129,128,14,0,142,142,220,5,137,16,3
V001130,166,5,1,171,172,220,8,163,22,4
V001131,117,10,2,127,129,220,11,116,6,5
V001132,142,15,3,157,160,220,14,143,11,6
V001133,168,6,4,174,178,220,5,169,16,7
V001134,119,11,5,130,135,220,8,122,14,8
V001135,136,2,0,138,138,186,11,127,18,0
V001136,155,7,1,162,163,186,12,150,8,1
V001137,0,0,0,0,0,186,0,0,0,0
V001138,137,3,3,140,143,186,8,132,13,3
V001139,158,8,4,166,170,186,11,155,18,4
V001140,114,13,5,127,132,186,12,115,17,5
V001141,141,4,0,145,145,189,5,140,7,6
V001142,98,9,1,107,108,189,8,99,7,7
V001143,119,14,2,133,135,189,11,122,12,8
V001144,152,5,3,157,160,189,12,145,17,0
V001145,99,10,4,109,113,189,5,104,14,1
V001146,120,15,5,135,140,189,8,127,7,2
V001147,178,6,0,184,184,220,11,173,13,3
V001148,129,11,1,140,141,220,14,126,13,4
V001149,156,2,2,158,160,220,5,153,17,5
V001150,181,7,3,188,191,220,8,180,24,6
V001151,132,12,4,144,148,220,11,133,7,7
V001152,170,3,5,173,178,220,14,159,12,8
V001153,93,8,0,101,101,186,5,96,9,0
V001154,113,13,1,126,127,186,8,118,14,1
V001155,148,4,2,152,154,186,11,141,20,2
V001156,104,9,3,113,116,186,12,101,6,3
V001157,115,14,4,129,133,186,5,124,9,4
V001158,149,5,5,154,159,186,8,146,14,5
V001159,109,10,0,119,119,189,11,108,13,6
V001160,128,15,1,143,144,189,12,131,19,7
V001161,153,6,2,159,161,189,5,154,8,8
V001162,110,11,3,121,124,189,8,113,8,0
V001163,145,2,4,147,151,189,11,136,13,1
V001164,164,7,5,171,176,189,12,159,19,2
V001165,130,12,0,142,142,220,5,137,18,3
V001166,168,3,1,171,172,220,8,163,9,4
V001167,119,8,2,127,129,220,11,116,9,5
V001168,144,13,3,157,160,220,14,143,14,6
V001169,170,4,4,174,178,220,5,169,19,7
V001170,121,9,5,130,135,220,8,122,17,8
V001171,124,14,0,138,138,186,11,127,7,0
V001172,157,5,1,162,163,186,12,150,11,1
V001173,105,10,2,115,117,186,5,110,10,2
V001174,125,15,3,140,143,186,8,132,15,3
V001175,160,6,4,166,170,186,11,155,22,4
V001176,116,11,5,127,132,186,12,115,6,5
V001177,143,2,0,145,145,189,5,140,10,6
V001178,100,7,1,107,108,189,8,99,10,7
V001179,121,12,2,133,135,189,11,122,15,8
V001180,154,3,3,157,160,189,12,145,20,0
V001181,101,8,4,109,113,189,5,104,5,1
V001182,122,13,5,135,140,189,8,127,9,2
V001183,180,4,0,184,184,220,11,173,17,3
V001184,131,9,1,140,141,220,14,126,15,4
V001185,144,14,2,158,160,220,5,153,21,5
V001186,183,5,3,188,191,220,8,180,9,6
V001187,134,10,4,144,148,220,11,133,10,7
V001188,158,15,5,173,178,220,14,159,16,8
V001189,95,6,0,101,101,186,5,96,11,0
V001190,115,11,1,126,127,186,8,118,16,1
V001191,150,2,2,152,154,186,11,141,8,2
V001192,106,7,3,113,116,186,12,101,8,3
V001193,117,12,4,129,133,186,5,124,12,4
V001194,151,3,5,154,159,186,8,146,17,5
V001195,111,8,0,119,119,189,11,108,15,6
V001196,130,13,1,143,144,189,12,131,7,7
V001197,155,4,2,159,161,189,5,154,11,8
V001198,112,9,3,121,124,189,8,113,11,0
V001199,133,14,4,147,151,189,11,136,16,1
V001200,166,5,5,171,176,189,12,159,22,2
