vuelo_id,tipo_combustible,combustible_inicial_l,combustible_cargado_l,combustible_final_l,combustible_consumido_l,precio_usd_l,costo_carga_usd,proveedor,moneda
V000001,Jet A-1,650,0,650,0,0.8,0,FuelAndes,USD
V000002,Jet A-1,695,3815,785,3725,0.814,3105.41,PetroAirport,USD
V000003,Jet A-1,740,8081,820,8001,0.828,6691.07,AeroSupply,USD
V000004,Jet A-1,785,13197,855,13127,0.842,11111.87,FuelAndes,USD
V000005,Jet A-1,830,3854,890,3794,0.856,3299.02,PetroAirport,USD
V000006,Jet A-1,875,10428,925,10378,0.87,9072.36,AeroSupply,USD
V000007,Jet A-1,920,13026,750,13196,0.884,11514.98,FuelAndes,USD
V000008,Jet A-1,965,2105,785,2285,0.898,1890.29,PetroAirport,USD
V000009,Jet A-1,650,10456,820,10286,0.912,9535.87,AeroSupply,USD
V000010,Jet A-1,695,17516,855,17356,0.926,16219.82,FuelAndes,USD
V000011,Jet A-1,740,2504,890,2354,0.94,2353.76,PetroAirport,USD
V000012,Jet A-1,785,3975,925,3835,0.8,3180,AeroSupply,USD
V000013,Jet A-1,830,18815,750,18895,0.814,15315.41,FuelAndes,USD
V000014,Jet A-1,875,3714,785,3804,0.828,3075.19,PetroAirport,USD
V000015,Jet A-1,920,3940,820,4040,0.842,3317.48,AeroSupply,USD
V000016,Jet A-1,965,10553,855,10663,0.856,9033.37,FuelAndes,USD
V000017,Jet A-1,650,3952,890,3712,0.87,3438.24,PetroAirport,USD
V000018,Jet A-1,695,5087,925,4857,0.884,4496.91,AeroSupply,USD
V000019,Jet A-1,740,9920,750,9910,0.898,8908.16,FuelAndes,USD
V000020,Jet A-1,785,2784,785,2784,0.912,2539.01,PetroAirport,USD
V000021,Jet A-1,830,4559,820,4569,0.926,4221.63,AeroSupply,USD
V000022,Jet A-1,875,7935,855,7955,0.94,7458.9,FuelAndes,USD
V000023,Jet A-1,920,2662,890,2692,0.8,2129.6,PetroAirport,USD
V000024,Jet A-1,965,4437,925,4477,0.814,3611.72,AeroSupply,USD
V000025,Jet A-1,650,8124,750,8024,0.828,6726.67,FuelAndes,USD
V000026,Jet A-1,695,2851,785,2761,0.842,2400.54,PetroAirport,USD
V000027,Jet A-1,740,3897,820,3817,0.856,3335.83,AeroSupply,USD
V000028,Jet A-1,785,8163,855,8093,0.87,7101.81,FuelAndes,USD
V000029,Jet A-1,830,13118,890,13058,0.884,11596.31,PetroAirport,USD
V000030,Jet A-1,875,3775,925,3725,0.898,3389.95,AeroSupply,USD
V000031,Jet A-1,920,11000,750,11170,0.912,10032,FuelAndes,USD
V000032,Jet A-1,965,14049,785,14229,0.926,13009.37,PetroAirport,USD
V000033,Jet A-1,650,2718,820,2548,0.94,2554.92,AeroSupply,USD
V000034,Jet A-1,695,11399,855,11239,0.8,9119.2,FuelAndes,USD
V000035,Jet A-1,740,19068,890,18918,0.814,15521.35,PetroAirport,USD
V000036,Jet A-1,785,2596,925,2456,0.828,2149.49,AeroSupply,USD
V000037,Jet A-1,830,3686,750,3766,0.842,3103.61,FuelAndes,USD
V000038,Jet A-1,875,17266,785,17356,0.856,14779.7,PetroAirport,USD
V000039,Jet A-1,920,3367,820,3467,0.87,2929.29,AeroSupply,USD
V000040,Jet A-1,965,3725,855,3835,0.884,3292.9,FuelAndes,USD
V000041,Jet A-1,650,10173,890,9933,0.898,9135.35,PetroAirport,USD
V000042,Jet A-1,695,3766,925,3536,0.912,3434.59,AeroSupply,USD
V000043,Jet A-1,740,4441,750,4431,0.926,4112.37,FuelAndes,USD
V000044,Jet A-1,785,9841,785,9841,0.94,9250.54,PetroAirport,USD
V000045,Jet A-1,830,3434,820,3444,0.8,2747.2,AeroSupply,USD
V000046,Jet A-1,875,4480,855,4500,0.814,3646.72,FuelAndes,USD
V000047,Jet A-1,920,9880,890,9910,0.828,8180.64,PetroAirport,USD
V000048,Jet A-1,965,2744,925,2784,0.842,2310.45,AeroSupply,USD
V000049,Jet A-1,650,5026,750,4926,0.856,4302.26,FuelAndes,USD
V000050,Jet A-1,695,8706,785,8616,0.87,7574.22,PetroAirport,USD
V000051,Jet A-1,740,2977,820,2897,0.884,2631.67,AeroSupply,USD
V000052,Jet A-1,785,4112,855,4042,0.898,3692.58,FuelAndes,USD
V000053,Jet A-1,830,8745,890,8685,0.912,7975.44,PetroAirport,USD
V000054,Jet A-1,875,14302,925,14252,0.926,13243.65,AeroSupply,USD
V000055,Jet A-1,920,3647,750,3817,0.94,3428.18,FuelAndes,USD
V000056,Jet A-1,965,10221,785,10401,0.8,8176.8,PetroAirport,USD
V000057,Jet A-1,650,13228,820,13058,0.814,10767.59,AeroSupply,USD
V000058,Jet A-1,695,2468,855,2308,0.828,2043.5,FuelAndes,USD
V000059,Jet A-1,740,10459,890,10309,0.842,8806.48,PetroAirport,USD
V000060,Jet A-1,785,17519,925,17379,0.856,14996.26,AeroSupply,USD
V000061,Jet A-1,830,2297,750,2377,0.87,1998.39,FuelAndes,USD
V000062,Jet A-1,875,3768,785,3858,0.884,3330.91,PetroAirport,USD
V000063,Jet A-1,920,17348,820,17448,0.898,15578.5,AeroSupply,USD
V000064,Jet A-1,965,3288,855,3398,0.912,2998.66,FuelAndes,USD
V000065,Jet A-1,650,4006,890,3766,0.926,3709.56,PetroAirport,USD
V000066,Jet A-1,695,10094,925,9864,0.94,9488.36,AeroSupply,USD
V000067,Jet A-1,740,3745,750,3735,0.8,2996,FuelAndes,USD
V000068,Jet A-1,785,4132,785,4132,0.814,3363.45,PetroAirport,USD
V000069,Jet A-1,830,10745,820,10755,0.828,8896.86,AeroSupply,USD
V000070,Jet A-1,875,3784,855,3804,0.842,3186.13,FuelAndes,USD
V000071,Jet A-1,920,4758,890,4788,0.856,4072.85,PetroAirport,USD
V000072,Jet A-1,965,0,965,0,0.87,0,AeroSupply,USD
V000073,Jet A-1,650,2815,750,2715,0.884,2488.46,FuelAndes,USD
V000074,Jet A-1,695,4590,785,4500,0.898,4121.82,PetroAirport,USD
V000075,Jet A-1,740,8127,820,8047,0.912,7411.82,AeroSupply,USD
V000076,Jet A-1,785,2854,855,2784,0.926,2642.8,FuelAndes,USD
V000077,Jet A-1,830,3900,890,3840,0.94,3666,PetroAirport,USD
V000078,Jet A-1,875,8005,925,7955,0.8,6404,AeroSupply,USD
V000079,Jet A-1,920,12911,750,13081,0.814,10509.55,FuelAndes,USD
V000080,Jet A-1,965,3568,785,3748,0.828,2954.3,PetroAirport,USD
V000081,Jet A-1,650,10502,820,10332,0.842,8842.68,AeroSupply,USD
V000082,Jet A-1,695,13310,855,13150,0.856,11393.36,FuelAndes,USD
V000083,Jet A-1,740,2550,890,2400,0.87,2218.5,PetroAirport,USD
V000084,Jet A-1,785,10541,925,10401,0.884,9318.24,AeroSupply,USD
V000085,Jet A-1,830,18700,750,18780,0.898,16792.6,FuelAndes,USD
V000086,Jet A-1,875,2389,785,2479,0.912,2178.77,PetroAirport,USD
V000087,Jet A-1,920,3986,820,4086,0.926,3691.04,AeroSupply,USD
V000088,Jet A-1,965,18739,855,18849,0.94,17614.66,FuelAndes,USD
V000089,Jet A-1,650,2788,890,2548,0.8,2230.4,PetroAirport,USD
V000090,Jet A-1,695,4385,925,4155,0.814,3569.39,AeroSupply,USD
V000091,Jet A-1,740,17458,750,17448,0.828,14455.22,FuelAndes,USD
V000092,Jet A-1,785,3398,785,3398,0.842,2861.12,PetroAirport,USD
V000093,Jet A-1,830,3756,820,3766,0.856,3215.14,AeroSupply,USD
V000094,Jet A-1,875,9844,855,9864,0.87,8564.28,FuelAndes,USD
V000095,Jet A-1,920,3437,890,3467,0.884,3038.31,PetroAirport,USD
V000096,Jet A-1,965,4483,925,4523,0.898,4025.73,AeroSupply,USD
V000097,Jet A-1,650,10033,750,9933,0.912,9150.1,FuelAndes,USD
V000098,Jet A-1,695,2897,785,2807,0.926,2682.62,PetroAirport,USD
V000099,Jet A-1,740,4511,820,4431,0.94,4240.34,AeroSupply,USD
V000100,Jet A-1,785,8048,855,7978,0.8,6438.4,FuelAndes,USD
V000101,Jet A-1,830,2775,890,2715,0.814,2258.85,PetroAirport,USD
V000102,Jet A-1,875,3821,925,3771,0.828,3163.79,AeroSupply,USD
V000103,Jet A-1,920,8538,750,8708,0.842,7189,FuelAndes,USD
V000104,Jet A-1,965,14095,785,14275,0.856,12065.32,PetroAirport,USD
V000105,Jet A-1,650,4304,820,4134,0.87,3744.48,AeroSupply,USD
V000106,Jet A-1,695,11284,855,11124,0.884,9975.06,FuelAndes,USD
V000107,Jet A-1,740,14333,890,14183,0.898,12871.03,PetroAirport,USD
V000108,Jet A-1,785,2642,925,2502,0.912,2409.5,AeroSupply,USD
V000109,Jet A-1,830,10252,750,10332,0.926,9493.35,FuelAndes,USD
V000110,Jet A-1,875,17312,785,17402,0.94,16273.28,PetroAirport,USD
V000111,Jet A-1,920,2300,820,2400,0.8,1840,AeroSupply,USD
V000112,Jet A-1,965,10291,855,10401,0.814,8376.87,FuelAndes,USD
V000113,Jet A-1,650,17550,890,17310,0.828,14531.4,PetroAirport,USD
V000114,Jet A-1,695,2538,925,2308,0.842,2137,AeroSupply,USD
V000115,Jet A-1,740,3799,750,3789,0.856,3251.94,FuelAndes,USD
V000116,Jet A-1,785,17379,785,17379,0.87,15119.73,PetroAirport,USD
V000117,Jet A-1,830,3480,820,3490,0.884,3076.32,AeroSupply,USD
V000118,Jet A-1,875,3838,855,3858,0.898,3446.52,FuelAndes,USD
V000119,Jet A-1,920,9926,890,9956,0.912,9052.51,PetroAirport,USD
V000120,Jet A-1,965,3358,925,3398,0.926,3109.51,AeroSupply,USD
V000121,Jet A-1,650,4911,750,4811,0.94,4616.34,FuelAndes,USD
V000122,Jet A-1,695,10776,785,10686,0.8,8620.8,PetroAirport,USD
V000123,Jet A-1,740,3023,820,2943,0.814,2460.72,AeroSupply,USD
V000124,Jet A-1,785,4950,855,4880,0.828,4098.6,FuelAndes,USD
V000125,Jet A-1,830,8791,890,8731,0.842,7402.02,PetroAirport,USD
V000126,Jet A-1,875,3062,925,3012,0.856,2621.07,AeroSupply,USD
V000127,Jet A-1,920,3532,750,3702,0.87,3072.84,FuelAndes,USD
V000128,Jet A-1,965,7798,785,7978,0.884,6893.43,PetroAirport,USD
V000129,Jet A-1,650,13274,820,13104,0.898,11920.05,AeroSupply,USD
V000130,Jet A-1,695,3931,855,3771,0.912,3585.07,FuelAndes,USD
V000131,Jet A-1,740,10505,890,10355,0.926,9727.63,PetroAirport,USD
V000132,Jet A-1,785,13313,925,13173,0.94,12514.22,AeroSupply,USD
V000133,Jet A-1,830,3760,750,3840,0.8,3008,FuelAndes,USD
V000134,Jet A-1,875,10173,785,10263,0.814,8280.82,PetroAirport,USD
V000135,Jet A-1,920,12981,820,13081,0.828,10748.27,AeroSupply,USD
V000136,Jet A-1,965,2221,855,2331,0.842,1870.08,FuelAndes,USD
V000137,Jet A-1,650,10572,890,10332,0.856,9049.63,PetroAirport,USD
V000138,Jet A-1,695,17632,925,17402,0.87,15339.84,AeroSupply,USD
V000139,Jet A-1,740,2581,750,2571,0.884,2281.6,FuelAndes,USD
V000140,Jet A-1,785,4178,785,4178,0.898,3751.84,PetroAirport,USD
V000141,Jet A-1,830,18770,820,18780,0.912,17118.24,AeroSupply,USD
V000142,Jet A-1,875,3669,855,3689,0.926,3397.49,FuelAndes,USD
V000143,Jet A-1,920,0,920,0,0.94,0,PetroAirport,USD
V000144,Jet A-1,965,10669,925,10709,0.8,8535.2,AeroSupply,USD
V000145,Jet A-1,650,3590,750,3490,0.814,2922.26,FuelAndes,USD
V000146,Jet A-1,695,4636,785,4546,0.828,3838.61,PetroAirport,USD
V000147,Jet A-1,740,10036,820,9956,0.842,8450.31,AeroSupply,USD
V000148,Jet A-1,785,2739,855,2669,0.856,2344.58,FuelAndes,USD
V000149,Jet A-1,830,4514,890,4454,0.87,3927.18,PetroAirport,USD
V000150,Jet A-1,875,8051,925,8001,0.884,7117.08,AeroSupply,USD
V000151,Jet A-1,920,2568,750,2738,0.898,2306.06,FuelAndes,USD
V000152,Jet A-1,965,3614,785,3794,0.912,3295.97,PetroAirport,USD
V000153,Jet A-1,650,8240,820,8070,0.926,7630.24,AeroSupply,USD
V000154,Jet A-1,695,13356,855,13196,0.94,12554.64,FuelAndes,USD
V000155,Jet A-1,740,3852,890,3702,0.8,3081.6,PetroAirport,USD
V000156,Jet A-1,785,8118,925,7978,0.814,6608.05,AeroSupply,USD
V000157,Jet A-1,830,14126,750,14206,0.828,11696.33,FuelAndes,USD
V000158,Jet A-1,875,3975,785,4065,0.842,3346.95,PetroAirport,USD
V000159,Jet A-1,920,11116,820,11216,0.856,9515.3,AeroSupply,USD
V000160,Jet A-1,965,14165,855,14275,0.87,12323.55,FuelAndes,USD
V000161,Jet A-1,650,2834,890,2594,0.884,2505.26,PetroAirport,USD
V000162,Jet A-1,695,11354,925,11124,0.898,10195.89,AeroSupply,USD
V000163,Jet A-1,740,17343,750,17333,0.912,15816.82,FuelAndes,USD
V000164,Jet A-1,785,2331,785,2331,0.926,2158.51,PetroAirport,USD
V000165,Jet A-1,830,3802,820,3812,0.94,3573.88,AeroSupply,USD
V000166,Jet A-1,875,17382,855,17402,0.8,13905.6,FuelAndes,USD
V000167,Jet A-1,920,3483,890,3513,0.814,2835.16,PetroAirport,USD
V000168,Jet A-1,965,3841,925,3881,0.828,3180.35,AeroSupply,USD
V000169,Jet A-1,650,9918,750,9818,0.842,8350.96,FuelAndes,USD
V000170,Jet A-1,695,3511,785,3421,0.856,3005.42,PetroAirport,USD
V000171,Jet A-1,740,4557,820,4477,0.87,3964.59,AeroSupply,USD
V000172,Jet A-1,785,9957,855,9887,0.884,8801.99,FuelAndes,USD
V000173,Jet A-1,830,2821,890,2761,0.898,2533.26,PetroAirport,USD
V000174,Jet A-1,875,4596,925,4546,0.912,4191.55,AeroSupply,USD
V000175,Jet A-1,920,8584,750,8754,0.926,7948.78,FuelAndes,USD
V000176,Jet A-1,965,2694,785,2874,0.94,2532.36,PetroAirport,USD
V000177,Jet A-1,650,4981,820,4811,0.8,3984.8,AeroSupply,USD
V000178,Jet A-1,695,8822,855,8662,0.814,7181.11,FuelAndes,USD
V000179,Jet A-1,740,3093,890,2943,0.828,2561,PetroAirport,USD
V000180,Jet A-1,785,4228,925,4088,0.842,3559.98,AeroSupply,USD
V000181,Jet A-1,830,7990,750,8070,0.856,6839.44,FuelAndes,USD
V000182,Jet A-1,875,13106,785,13196,0.87,11402.22,PetroAirport,USD
V000183,Jet A-1,920,3602,820,3702,0.884,3184.17,AeroSupply,USD
V000184,Jet A-1,965,10176,855,10286,0.898,9138.05,FuelAndes,USD
V000185,Jet A-1,650,13344,890,13104,0.912,12169.73,PetroAirport,USD
V000186,Jet A-1,695,2584,925,2354,0.926,2392.78,AeroSupply,USD
V000187,Jet A-1,740,10365,750,10355,0.94,9743.1,FuelAndes,USD
V000188,Jet A-1,785,17425,785,17425,0.8,13940,PetroAirport,USD
V000189,Jet A-1,830,2413,820,2423,0.814,1964.18,AeroSupply,USD
V000190,Jet A-1,875,3723,855,3743,0.828,3082.64,FuelAndes,USD
V000191,Jet A-1,920,17303,890,17333,0.842,14569.13,PetroAirport,USD
V000192,Jet A-1,965,3404,925,3444,0.856,2913.82,AeroSupply,USD
V000193,Jet A-1,650,4209,750,4109,0.87,3661.83,FuelAndes,USD
V000194,Jet A-1,695,10822,785,10732,0.884,9566.65,PetroAirport,USD
V000195,Jet A-1,740,3861,820,3781,0.898,3467.18,AeroSupply,USD
V000196,Jet A-1,785,4996,855,4926,0.912,4556.35,FuelAndes,USD
V000197,Jet A-1,830,10700,890,10640,0.926,9908.2,PetroAirport,USD
V000198,Jet A-1,875,2947,925,2897,0.94,2770.18,AeroSupply,USD
V000199,Jet A-1,920,4307,750,4477,0.8,3445.6,FuelAndes,USD
V000200,Jet A-1,965,9707,785,9887,0.814,7901.5,PetroAirport,USD
V000201,Jet A-1,650,2931,820,2761,0.828,2426.87,AeroSupply,USD
V000202,Jet A-1,695,4706,855,4546,0.842,3962.45,FuelAndes,USD
V000203,Jet A-1,740,8243,890,8093,0.856,7056.01,PetroAirport,USD
V000204,Jet A-1,785,2809,925,2669,0.87,2443.83,AeroSupply,USD
V000205,Jet A-1,830,3645,750,3725,0.884,3222.18,FuelAndes,USD
V000206,Jet A-1,875,7911,785,8001,0.898,7104.08,PetroAirport,USD
V000207,Jet A-1,920,13027,820,13127,0.912,11880.62,AeroSupply,USD
V000208,Jet A-1,965,3684,855,3794,0.926,3411.38,FuelAndes,USD
V000209,Jet A-1,650,10618,890,10378,0.94,9980.92,PetroAirport,USD
V000210,Jet A-1,695,13426,925,13196,0.8,10740.8,AeroSupply,USD
V000211,Jet A-1,740,2466,750,2456,0.814,2007.32,FuelAndes,USD
V000212,Jet A-1,785,11147,785,11147,0.828,9229.72,PetroAirport,USD
V000213,Jet A-1,830,18816,820,18826,0.842,15843.07,AeroSupply,USD
V000214,Jet A-1,875,0,875,0,0.856,0,FuelAndes,USD
V000215,Jet A-1,920,4102,890,4132,0.87,3568.74,PetroAirport,USD
V000216,Jet A-1,965,18855,925,18895,0.884,16667.82,AeroSupply,USD
V000217,Jet A-1,650,3636,750,3536,0.898,3265.13,FuelAndes,USD
V000218,Jet A-1,695,3833,785,3743,0.912,3495.7,PetroAirport,USD
V000219,Jet A-1,740,9921,820,9841,0.926,9186.85,AeroSupply,USD
V000220,Jet A-1,785,3514,855,3444,0.94,3303.16,FuelAndes,USD
V000221,Jet A-1,830,3872,890,3812,0.8,3097.6,PetroAirport,USD
V000222,Jet A-1,875,9960,925,9910,0.814,8107.44,AeroSupply,USD
V000223,Jet A-1,920,3343,750,3513,0.828,2768,FuelAndes,USD
V000224,Jet A-1,965,4389,785,4569,0.842,3695.54,PetroAirport,USD
V000225,Jet A-1,650,9988,820,9818,0.856,8549.73,AeroSupply,USD
V000226,Jet A-1,695,2852,855,2692,0.87,2481.24,FuelAndes,USD
V000227,Jet A-1,740,4627,890,4477,0.884,4090.27,PetroAirport,USD
V000228,Jet A-1,785,8164,925,8024,0.898,7331.27,AeroSupply,USD
V000229,Jet A-1,830,2886,750,2966,0.912,2632.03,FuelAndes,USD
V000230,Jet A-1,875,4021,785,4111,0.926,3723.45,PetroAirport,USD
V000231,Jet A-1,920,8654,820,8754,0.94,8134.76,AeroSupply,USD
V000232,Jet A-1,965,14050,855,14160,0.8,11240,FuelAndes,USD
V000233,Jet A-1,650,4259,890,4019,0.814,3466.83,PetroAirport,USD
V000234,Jet A-1,695,11400,925,11170,0.828,9439.2,AeroSupply,USD
V000235,Jet A-1,740,13137,750,13127,0.842,11061.35,FuelAndes,USD
V000236,Jet A-1,785,2377,785,2377,0.856,2034.71,PetroAirport,USD
V000237,Jet A-1,830,10368,820,10378,0.87,9020.16,AeroSupply,USD
V000238,Jet A-1,875,17428,855,17448,0.884,15406.35,FuelAndes,USD
V000239,Jet A-1,920,2255,890,2285,0.898,2024.99,PetroAirport,USD
V000240,Jet A-1,965,3726,925,3766,0.912,3398.11,AeroSupply,USD
V000241,Jet A-1,650,17456,750,17356,0.926,16164.26,FuelAndes,USD
V000242,Jet A-1,695,3557,785,3467,0.94,3343.58,PetroAirport,USD
V000243,Jet A-1,740,3915,820,3835,0.8,3132,AeroSupply,USD
V000244,Jet A-1,785,17495,855,17425,0.814,14240.93,FuelAndes,USD
V000245,Jet A-1,830,3596,890,3536,0.828,2977.49,PetroAirport,USD
V000246,Jet A-1,875,3793,925,3743,0.842,3193.71,AeroSupply,USD
V000247,Jet A-1,920,10493,750,10663,0.856,8982.01,FuelAndes,USD
V000248,Jet A-1,965,3532,785,3712,0.87,3072.84,PetroAirport,USD
V000249,Jet A-1,650,5027,820,4857,0.884,4443.87,AeroSupply,USD
V000250,Jet A-1,695,10892,855,10732,0.898,9781.02,FuelAndes,USD
V000251,Jet A-1,740,3139,890,2989,0.912,2862.77,PetroAirport,USD
V000252,Jet A-1,785,5066,925,4926,0.926,4691.12,AeroSupply,USD
V000253,Jet A-1,830,7875,750,7955,0.94,7402.5,FuelAndes,USD
V000254,Jet A-1,875,2602,785,2692,0.8,2081.6,PetroAirport,USD
V000255,Jet A-1,920,3648,820,3748,0.814,2969.47,AeroSupply,USD
V000256,Jet A-1,965,7914,855,8024,0.828,6552.79,FuelAndes,USD
V000257,Jet A-1,650,13390,890,13150,0.842,11274.38,PetroAirport,USD
V000258,Jet A-1,695,4047,925,3817,0.856,3464.23,AeroSupply,USD
V000259,Jet A-1,740,10411,750,10401,0.87,9057.57,FuelAndes,USD
V000260,Jet A-1,785,13058,785,13058,0.884,11543.27,PetroAirport,USD
V000261,Jet A-1,830,2298,820,2308,0.898,2063.6,AeroSupply,USD
V000262,Jet A-1,875,10289,855,10309,0.912,9383.57,FuelAndes,USD
V000263,Jet A-1,920,17349,890,17379,0.926,16065.17,PetroAirport,USD
V000264,Jet A-1,965,2337,925,2377,0.94,2196.78,AeroSupply,USD
V000265,Jet A-1,650,11339,750,11239,0.8,9071.2,FuelAndes,USD
V000266,Jet A-1,695,19008,785,18918,0.814,15472.51,PetroAirport,USD
V000267,Jet A-1,740,2536,820,2456,0.828,2099.81,AeroSupply,USD
V000268,Jet A-1,785,4133,855,4063,0.842,3479.99,FuelAndes,USD
V000269,Jet A-1,830,18886,890,18826,0.856,16166.42,PetroAirport,USD
V000270,Jet A-1,875,3785,925,3735,0.87,3292.95,AeroSupply,USD
V000271,Jet A-1,920,3665,750,3835,0.884,3239.86,FuelAndes,USD
V000272,Jet A-1,965,9753,785,9933,0.898,8758.19,PetroAirport,USD
V000273,Jet A-1,650,3706,820,3536,0.912,3379.87,AeroSupply,USD
V000274,Jet A-1,695,4591,855,4431,0.926,4251.27,FuelAndes,USD
V000275,Jet A-1,740,9991,890,9841,0.94,9391.54,PetroAirport,USD
V000276,Jet A-1,785,2855,925,2715,0.8,2284,AeroSupply,USD
V000277,Jet A-1,830,4420,750,4500,0.814,3597.88,FuelAndes,USD
V000278,Jet A-1,875,7957,785,8047,0.828,6588.4,PetroAirport,USD
V000279,Jet A-1,920,2684,820,2784,0.842,2259.93,AeroSupply,USD
V000280,Jet A-1,965,3730,855,3840,0.856,3192.88,FuelAndes,USD
V000281,Jet A-1,650,8195,890,7955,0.87,7129.65,PetroAirport,USD
V000282,Jet A-1,695,13311,925,13081,0.884,11766.92,AeroSupply,USD
V000283,Jet A-1,740,4052,750,4042,0.898,3638.7,FuelAndes,USD
V000284,Jet A-1,785,11193,785,11193,0.912,10208.02,PetroAirport,USD
V000285,Jet A-1,830,0,830,0,0.926,0,AeroSupply,USD
V000286,Jet A-1,875,2551,855,2571,0.94,2397.94,FuelAndes,USD
V000287,Jet A-1,920,11232,890,11262,0.8,8985.6,PetroAirport,USD
V000288,Jet A-1,965,14120,925,14160,0.814,11493.68,AeroSupply,USD
V000289,Jet A-1,650,2408,750,2308,0.828,1993.82,FuelAndes,USD
V000290,Jet A-1,695,10399,785,10309,0.842,8755.96,PetroAirport,USD
V000291,Jet A-1,740,17459,820,17379,0.856,14944.9,AeroSupply,USD
V000292,Jet A-1,785,2447,855,2377,0.87,2128.89,FuelAndes,USD
V000293,Jet A-1,830,3918,890,3858,0.884,3463.51,PetroAirport,USD
V000294,Jet A-1,875,17498,925,17448,0.898,15713.2,AeroSupply,USD
V000295,Jet A-1,920,3228,750,3398,0.912,2943.94,FuelAndes,USD
V000296,Jet A-1,965,3586,785,3766,0.926,3320.64,PetroAirport,USD
V000297,Jet A-1,650,10034,820,9864,0.94,9431.96,AeroSupply,USD
V000298,Jet A-1,695,3627,855,3467,0.8,2901.6,FuelAndes,USD
V000299,Jet A-1,740,4673,890,4523,0.814,3803.82,PetroAirport,USD
V000300,Jet A-1,785,10073,925,9933,0.828,8340.44,AeroSupply,USD
V000301,Jet A-1,830,2932,750,3012,0.842,2468.74,FuelAndes,USD
V000302,Jet A-1,875,4698,785,4788,0.856,4021.49,PetroAirport,USD
V000303,Jet A-1,920,8539,820,8639,0.87,7428.93,AeroSupply,USD
V000304,Jet A-1,965,2810,855,2920,0.884,2484.04,FuelAndes,USD
V000305,Jet A-1,650,4305,890,4065,0.898,3865.89,PetroAirport,USD
V000306,Jet A-1,695,8938,925,8708,0.912,8151.46,AeroSupply,USD
V000307,Jet A-1,740,13183,750,13173,0.926,12207.46,FuelAndes,USD
V000308,Jet A-1,785,3840,785,3840,0.94,3609.6,PetroAirport,USD
V000309,Jet A-1,830,7945,820,7955,0.8,6356,AeroSupply,USD
V000310,Jet A-1,875,13061,855,13081,0.814,10631.65,FuelAndes,USD
V000311,Jet A-1,920,3718,890,3748,0.828,3078.5,PetroAirport,USD
V000312,Jet A-1,965,10292,925,10332,0.842,8665.86,AeroSupply,USD
V000313,Jet A-1,650,13250,750,13150,0.856,11342,FuelAndes,USD
V000314,Jet A-1,695,2490,785,2400,0.87,2166.3,PetroAirport,USD
V000315,Jet A-1,740,10481,820,10401,0.884,9265.2,AeroSupply,USD
V000316,Jet A-1,785,17380,855,17310,0.898,15607.24,FuelAndes,USD
V000317,Jet A-1,830,2368,890,2308,0.912,2159.62,PetroAirport,USD
V000318,Jet A-1,875,3839,925,3789,0.926,3554.91,AeroSupply,USD
V000319,Jet A-1,920,18679,750,18849,0.94,17558.26,FuelAndes,USD
V000320,Jet A-1,965,3578,785,3758,0.8,2862.4,PetroAirport,USD
V000321,Jet A-1,650,4325,820,4155,0.814,3520.55,AeroSupply,USD
V000322,Jet A-1,695,10938,855,10778,0.828,9056.66,FuelAndes,USD
V000323,Jet A-1,740,3816,890,3666,0.842,3213.07,PetroAirport,USD
V000324,Jet A-1,785,4951,925,4811,0.856,4238.06,AeroSupply,USD
V000325,Jet A-1,830,9784,750,9864,0.87,8512.08,FuelAndes,USD
V000326,Jet A-1,875,2648,785,2738,0.884,2340.83,PetroAirport,USD
V000327,Jet A-1,920,4423,820,4523,0.898,3971.85,AeroSupply,USD
V000328,Jet A-1,965,7960,855,8070,0.912,7259.52,FuelAndes,USD
V000329,Jet A-1,650,3047,890,2807,0.926,2821.52,PetroAirport,USD
V000330,Jet A-1,695,3932,925,3702,0.94,3696.08,AeroSupply,USD
V000331,Jet A-1,740,7988,750,7978,0.8,6390.4,FuelAndes,USD
V000332,Jet A-1,785,2715,785,2715,0.814,2210.01,PetroAirport,USD
V000333,Jet A-1,830,3761,820,3771,0.828,3114.11,AeroSupply,USD
V000334,Jet A-1,875,8027,855,8047,0.842,6758.73,FuelAndes,USD
V000335,Jet A-1,920,13143,890,13173,0.856,11250.41,PetroAirport,USD
V000336,Jet A-1,965,3800,925,3840,0.87,3306,AeroSupply,USD
V000337,Jet A-1,650,11224,750,11124,0.884,9922.02,FuelAndes,USD
V000338,Jet A-1,695,14273,785,14183,0.898,12817.15,PetroAirport,USD
V000339,Jet A-1,740,2582,820,2502,0.912,2354.78,AeroSupply,USD
V000340,Jet A-1,785,11263,855,11193,0.926,10429.54,FuelAndes,USD
V000341,Jet A-1,830,18932,890,18872,0.94,17796.08,PetroAirport,USD
V000342,Jet A-1,875,2621,925,2571,0.8,2096.8,AeroSupply,USD
V000343,Jet A-1,920,3711,750,3881,0.814,3020.75,FuelAndes,USD
V000344,Jet A-1,965,17130,785,17310,0.828,14183.64,PetroAirport,USD
V000345,Jet A-1,650,3591,820,3421,0.842,3023.62,AeroSupply,USD
V000346,Jet A-1,695,3949,855,3789,0.856,3380.34,FuelAndes,USD
V000347,Jet A-1,740,10037,890,9887,0.87,8732.19,PetroAirport,USD
V000348,Jet A-1,785,3630,925,3490,0.884,3208.92,AeroSupply,USD
V000349,Jet A-1,830,4466,750,4546,0.898,4010.47,FuelAndes,USD
V000350,Jet A-1,875,9866,785,9956,0.912,8997.79,PetroAirport,USD
V000351,Jet A-1,920,2569,820,2669,0.926,2378.89,AeroSupply,USD
V000352,Jet A-1,965,4344,855,4454,0.94,4083.36,FuelAndes,USD
V000353,Jet A-1,650,10104,890,9864,0.8,8083.2,PetroAirport,USD
V000354,Jet A-1,695,2968,925,2738,0.814,2415.95,AeroSupply,USD
V000355,Jet A-1,740,4890,750,4880,0.828,4048.92,FuelAndes,USD
V000356,Jet A-1,785,0,785,0,0.842,0,PetroAirport,USD
V000357,Jet A-1,830,3002,820,3012,0.856,2569.71,AeroSupply,USD
V000358,Jet A-1,875,3976,855,3996,0.87,3459.12,FuelAndes,USD
V000359,Jet A-1,920,8609,890,8639,0.884,7610.36,PetroAirport,USD
V000360,Jet A-1,965,14166,925,14206,0.898,12721.07,AeroSupply,USD
V000361,Jet A-1,650,3871,750,3771,0.912,3530.35,FuelAndes,USD
V000362,Jet A-1,695,10445,785,10355,0.926,9672.07,PetroAirport,USD
V000363,Jet A-1,740,13253,820,13173,0.94,12457.82,AeroSupply,USD
V000364,Jet A-1,785,2493,855,2423,0.8,1994.4,FuelAndes,USD
V000365,Jet A-1,830,10323,890,10263,0.814,8402.92,PetroAirport,USD
V000366,Jet A-1,875,17383,925,17333,0.828,14393.12,AeroSupply,USD
V000367,Jet A-1,920,2161,750,2331,0.842,1819.56,FuelAndes,USD
V000368,Jet A-1,965,3632,785,3812,0.856,3108.99,PetroAirport,USD
V000369,Jet A-1,650,17572,820,17402,0.87,15287.64,AeroSupply,USD
V000370,Jet A-1,695,3673,855,3513,0.884,3246.93,FuelAndes,USD
V000371,Jet A-1,740,4031,890,3881,0.898,3619.84,PetroAirport,USD
V000372,Jet A-1,785,9958,925,9818,0.912,9081.7,AeroSupply,USD
V000373,Jet A-1,830,3609,750,3689,0.926,3341.93,FuelAndes,USD
V000374,Jet A-1,875,4744,785,4834,0.94,4459.36,PetroAirport,USD
V000375,Jet A-1,920,10609,820,10709,0.8,8487.2,AeroSupply,USD
V000376,Jet A-1,965,3648,855,3758,0.814,2969.47,FuelAndes,USD
V000377,Jet A-1,650,5143,890,4903,0.828,4258.4,PetroAirport,USD
V000378,Jet A-1,695,11008,925,10778,0.842,9268.74,AeroSupply,USD
V000379,Jet A-1,740,2679,750,2669,0.856,2293.22,FuelAndes,USD
V000380,Jet A-1,785,4454,785,4454,0.87,3874.98,PetroAirport,USD
V000381,Jet A-1,830,7991,820,8001,0.884,7064.04,AeroSupply,USD
V000382,Jet A-1,875,2718,855,2738,0.898,2440.76,FuelAndes,USD
V000383,Jet A-1,920,3764,890,3794,0.912,3432.77,PetroAirport,USD
V000384,Jet A-1,965,8030,925,8070,0.926,7435.78,AeroSupply,USD
V000385,Jet A-1,650,13296,750,13196,0.94,12498.24,FuelAndes,USD
V000386,Jet A-1,695,3792,785,3702,0.8,3033.6,PetroAirport,USD
V000387,Jet A-1,740,10366,820,10286,0.814,8437.92,AeroSupply,USD
V000388,Jet A-1,785,13174,855,13104,0.828,10908.07,FuelAndes,USD
V000389,Jet A-1,830,2414,890,2354,0.842,2032.59,PetroAirport,USD
V000390,Jet A-1,875,10405,925,10355,0.856,8906.68,AeroSupply,USD
V000391,Jet A-1,920,18725,750,18895,0.87,16290.75,FuelAndes,USD
V000392,Jet A-1,965,2414,785,2594,0.884,2133.98,PetroAirport,USD
V000393,Jet A-1,650,4210,820,4040,0.898,3780.58,AeroSupply,USD
V000394,Jet A-1,695,18963,855,18803,0.912,17294.26,FuelAndes,USD
V000395,Jet A-1,740,3862,890,3712,0.926,3576.21,PetroAirport,USD
V000396,Jet A-1,785,4249,925,4109,0.94,3994.06,AeroSupply,USD
V000397,Jet A-1,830,17322,750,17402,0.8,13857.6,FuelAndes,USD
V000398,Jet A-1,875,3423,785,3513,0.814,2786.32,PetroAirport,USD
V000399,Jet A-1,920,3781,820,3881,0.828,3130.67,AeroSupply,USD
V000400,Jet A-1,965,9708,855,9818,0.842,8174.14,FuelAndes,USD
V000401,Jet A-1,650,3661,890,3421,0.856,3133.82,PetroAirport,USD
V000402,Jet A-1,695,4707,925,4477,0.87,4095.09,AeroSupply,USD
V000403,Jet A-1,740,9897,750,9887,0.884,8748.95,FuelAndes,USD
V000404,Jet A-1,785,2761,785,2761,0.898,2479.38,PetroAirport,USD
V000405,Jet A-1,830,4536,820,4546,0.912,4136.83,AeroSupply,USD
V000406,Jet A-1,875,8073,855,8093,0.926,7475.6,FuelAndes,USD
V000407,Jet A-1,920,2639,890,2669,0.94,2480.66,PetroAirport,USD
V000408,Jet A-1,965,3685,925,3725,0.8,2948,AeroSupply,USD
V000409,Jet A-1,650,8762,750,8662,0.814,7132.27,FuelAndes,USD
V000410,Jet A-1,695,14319,785,14229,0.828,11856.13,PetroAirport,USD
V000411,Jet A-1,740,4168,820,4088,0.842,3509.46,AeroSupply,USD
V000412,Jet A-1,785,11309,855,11239,0.856,9680.5,FuelAndes,USD
V000413,Jet A-1,830,14358,890,14298,0.87,12491.46,PetroAirport,USD
V000414,Jet A-1,875,2506,925,2456,0.884,2215.3,AeroSupply,USD
V000415,Jet A-1,920,10116,750,10286,0.898,9084.17,FuelAndes,USD
V000416,Jet A-1,965,17176,785,17356,0.912,15664.51,PetroAirport,USD
V000417,Jet A-1,650,2524,820,2354,0.926,2337.22,AeroSupply,USD
V000418,Jet A-1,695,3995,855,3835,0.94,3755.3,FuelAndes,USD
V000419,Jet A-1,740,17575,890,17425,0.8,14060,PetroAirport,USD
V000420,Jet A-1,785,2563,925,2423,0.814,2086.28,AeroSupply,USD
V000421,Jet A-1,830,3663,750,3743,0.828,3032.96,FuelAndes,USD
V000422,Jet A-1,875,17243,785,17333,0.842,14518.61,PetroAirport,USD
V000423,Jet A-1,920,3344,820,3444,0.856,2862.46,AeroSupply,USD
V000424,Jet A-1,965,3702,855,3812,0.87,3220.74,FuelAndes,USD
V000425,Jet A-1,650,10150,890,9910,0.884,8972.6,PetroAirport,USD
V000426,Jet A-1,695,3743,925,3513,0.898,3361.21,AeroSupply,USD
V000427,Jet A-1,740,0,740,0,0.912,0,FuelAndes,USD
V000428,Jet A-1,785,10640,785,10640,0.926,9852.64,PetroAirport,USD
V000429,Jet A-1,830,2887,820,2897,0.94,2713.78,AeroSupply,USD
V000430,Jet A-1,875,4814,855,4834,0.8,3851.2,FuelAndes,USD
V000431,Jet A-1,920,8655,890,8685,0.814,7045.17,PetroAirport,USD
V000432,Jet A-1,965,2926,925,2966,0.828,2422.73,AeroSupply,USD
V000433,Jet A-1,650,3917,750,3817,0.842,3298.11,FuelAndes,USD
V000434,Jet A-1,695,8183,785,8093,0.856,7004.65,PetroAirport,USD
V000435,Jet A-1,740,13138,820,13058,0.87,11430.06,AeroSupply,USD
V000436,Jet A-1,785,3795,855,3725,0.884,3354.78,FuelAndes,USD
V000437,Jet A-1,830,10369,890,10309,0.898,9311.36,PetroAirport,USD
V000438,Jet A-1,875,13177,925,13127,0.912,12017.42,AeroSupply,USD
V000439,Jet A-1,920,2207,750,2377,0.926,2043.68,FuelAndes,USD
V000440,Jet A-1,965,10198,785,10378,0.94,9586.12,PetroAirport,USD
V000441,Jet A-1,650,13366,820,13196,0.8,10692.8,AeroSupply,USD
V000442,Jet A-1,695,2445,855,2285,0.814,1990.23,FuelAndes,USD
V000443,Jet A-1,740,10436,890,10286,0.828,8641.01,PetroAirport,USD
V000444,Jet A-1,785,17496,925,17356,0.842,14731.63,AeroSupply,USD
V000445,Jet A-1,830,2445,750,2525,0.856,2092.92,FuelAndes,USD
V000446,Jet A-1,875,4042,785,4132,0.87,3516.54,PetroAirport,USD
V000447,Jet A-1,920,18795,820,18895,0.884,16614.78,AeroSupply,USD
V000448,Jet A-1,965,3694,855,3804,0.898,3317.21,FuelAndes,USD
V000449,Jet A-1,650,4280,890,4040,0.912,3903.36,PetroAirport,USD
V000450,Jet A-1,695,10893,925,10663,0.926,10086.92,AeroSupply,USD
V000451,Jet A-1,740,3454,750,3444,0.94,3246.76,FuelAndes,USD
V000452,Jet A-1,785,4500,785,4500,0.8,3600,PetroAirport,USD
V000453,Jet A-1,830,9900,820,9910,0.814,8058.6,AeroSupply,USD
V000454,Jet A-1,875,2764,855,2784,0.828,2288.59,FuelAndes,USD
V000455,Jet A-1,920,4539,890,4569,0.842,3821.84,PetroAirport,USD
V000456,Jet A-1,965,7915,925,7955,0.856,6775.24,AeroSupply,USD
V000457,Jet A-1,650,2792,750,2692,0.87,2429.04,FuelAndes,USD
V000458,Jet A-1,695,3838,785,3748,0.884,3392.79,PetroAirport,USD
V000459,Jet A-1,740,8104,820,8024,0.898,7277.39,AeroSupply,USD
V000460,Jet A-1,785,13220,855,13150,0.912,12056.64,FuelAndes,USD
V000461,Jet A-1,830,3877,890,3817,0.926,3590.1,PetroAirport,USD
V000462,Jet A-1,875,10451,925,10401,0.94,9823.94,AeroSupply,USD
V000463,Jet A-1,920,13990,750,14160,0.8,11192,FuelAndes,USD
V000464,Jet A-1,965,3839,785,4019,0.814,3124.95,PetroAirport,USD
V000465,Jet A-1,650,11340,820,11170,0.828,9389.52,AeroSupply,USD
V000466,Jet A-1,695,14389,855,14229,0.842,12115.54,FuelAndes,USD
V000467,Jet A-1,740,2698,890,2548,0.856,2309.49,PetroAirport,USD
V000468,Jet A-1,785,11379,925,11239,0.87,9899.73,AeroSupply,USD
V000469,Jet A-1,830,17368,750,17448,0.884,15353.31,FuelAndes,USD
V000470,Jet A-1,875,2195,785,2285,0.898,1971.11,PetroAirport,USD
V000471,Jet A-1,920,3666,820,3766,0.912,3343.39,AeroSupply,USD
V000472,Jet A-1,965,17246,855,17356,0.926,15969.8,FuelAndes,USD
V000473,Jet A-1,650,3707,890,3467,0.94,3484.58,PetroAirport,USD
V000474,Jet A-1,695,4065,925,3835,0.8,3252,AeroSupply,USD
V000475,Jet A-1,740,9943,750,9933,0.814,8093.6,FuelAndes,USD
V000476,Jet A-1,785,3536,785,3536,0.828,2927.81,PetroAirport,USD
V000477,Jet A-1,830,4421,820,4431,0.842,3722.48,AeroSupply,USD
V000478,Jet A-1,875,9821,855,9841,0.856,8406.78,FuelAndes,USD
V000479,Jet A-1,920,2685,890,2715,0.87,2335.95,PetroAirport,USD
V000480,Jet A-1,965,4460,925,4500,0.884,3942.64,AeroSupply,USD
V000481,Jet A-1,650,8808,750,8708,0.898,7909.58,FuelAndes,USD
V000482,Jet A-1,695,3079,785,2989,0.912,2808.05,PetroAirport,USD
V000483,Jet A-1,740,4214,820,4134,0.926,3902.16,AeroSupply,USD
V000484,Jet A-1,785,8686,855,8616,0.94,8164.84,FuelAndes,USD
V000485,Jet A-1,830,2957,890,2897,0.8,2365.6,PetroAirport,USD
V000486,Jet A-1,875,4092,925,4042,0.814,3330.89,AeroSupply,USD
V000487,Jet A-1,920,7854,750,8024,0.828,6503.11,FuelAndes,USD
V000488,Jet A-1,965,12970,785,13150,0.842,10920.74,PetroAirport,USD
V000489,Jet A-1,650,3987,820,3817,0.856,3412.87,AeroSupply,USD
V000490,Jet A-1,695,10561,855,10401,0.87,9188.07,FuelAndes,USD
V000491,Jet A-1,740,13208,890,13058,0.884,11675.87,PetroAirport,USD
V000492,Jet A-1,785,2448,925,2308,0.898,2198.3,AeroSupply,USD
V000493,Jet A-1,830,10229,750,10309,0.912,9328.85,FuelAndes,USD
V000494,Jet A-1,875,17289,785,17379,0.926,16009.61,PetroAirport,USD
V000495,Jet A-1,920,2277,820,2377,0.94,2140.38,AeroSupply,USD
V000496,Jet A-1,965,3748,855,3858,0.8,2998.4,FuelAndes,USD
V000497,Jet A-1,650,17688,890,17448,0.814,14398.03,PetroAirport,USD
V000498,Jet A-1,695,0,695,0,0.828,0,AeroSupply,USD
V000499,Jet A-1,740,4073,750,4063,0.842,3429.47,FuelAndes,USD
V000500,Jet A-1,785,10686,785,10686,0.856,9147.22,PetroAirport,USD
V000501,Jet A-1,830,3725,820,3735,0.87,3240.75,AeroSupply,USD
V000502,Jet A-1,875,4860,855,4880,0.884,4296.24,FuelAndes,USD
V000503,Jet A-1,920,10725,890,10755,0.898,9631.05,PetroAirport,USD
V000504,Jet A-1,965,2972,925,3012,0.912,2710.46,AeroSupply,USD
V000505,Jet A-1,650,4531,750,4431,0.926,4195.71,FuelAndes,USD
V000506,Jet A-1,695,8068,785,7978,0.94,7583.92,PetroAirport,USD
V000507,Jet A-1,740,2795,820,2715,0.8,2236,AeroSupply,USD
V000508,Jet A-1,785,4570,855,4500,0.814,3719.98,FuelAndes,USD
V000509,Jet A-1,830,8107,890,8047,0.828,6712.6,PetroAirport,USD
V000510,Jet A-1,875,2834,925,2784,0.842,2386.23,AeroSupply,USD
V000511,Jet A-1,920,3670,750,3840,0.856,3141.52,FuelAndes,USD
V000512,Jet A-1,965,7775,785,7955,0.87,6764.25,PetroAirport,USD
V000513,Jet A-1,650,13251,820,13081,0.884,11713.88,AeroSupply,USD
V000514,Jet A-1,695,3908,855,3748,0.898,3509.38,FuelAndes,USD
V000515,Jet A-1,740,10482,890,10332,0.912,9559.58,PetroAirport,USD
V000516,Jet A-1,785,13290,925,13150,0.926,12306.54,AeroSupply,USD
V000517,Jet A-1,830,2491,750,2571,0.94,2341.54,FuelAndes,USD
V000518,Jet A-1,875,11172,785,11262,0.8,8937.6,PetroAirport,USD
V000519,Jet A-1,920,18680,820,18780,0.814,15205.52,AeroSupply,USD
V000520,Jet A-1,965,2369,855,2479,0.828,1961.53,FuelAndes,USD
V000521,Jet A-1,650,4326,890,4086,0.842,3642.49,PetroAirport,USD
V000522,Jet A-1,695,19079,925,18849,0.856,16331.62,AeroSupply,USD
V000523,Jet A-1,740,3500,750,3490,0.87,3045,FuelAndes,USD
V000524,Jet A-1,785,3858,785,3858,0.884,3410.47,PetroAirport,USD
V000525,Jet A-1,830,9946,820,9956,0.898,8931.51,AeroSupply,USD
V000526,Jet A-1,875,3378,855,3398,0.912,3080.74,FuelAndes,USD
V000527,Jet A-1,920,4424,890,4454,0.926,4096.62,PetroAirport,USD
V000528,Jet A-1,965,9824,925,9864,0.94,9234.56,AeroSupply,USD
V000529,Jet A-1,650,3567,750,3467,0.8,2853.6,FuelAndes,USD
V000530,Jet A-1,695,4613,785,4523,0.814,3754.98,PetroAirport,USD
V000531,Jet A-1,740,10013,820,9933,0.828,8290.76,AeroSupply,USD
V000532,Jet A-1,785,2877,855,2807,0.842,2422.43,FuelAndes,USD
V000533,Jet A-1,830,4491,890,4431,0.856,3844.3,PetroAirport,USD
V000534,Jet A-1,875,8028,925,7978,0.87,6984.36,AeroSupply,USD
V000535,Jet A-1,920,2750,750,2920,0.884,2431,FuelAndes,USD
V000536,Jet A-1,965,3885,785,4065,0.898,3488.73,PetroAirport,USD
V000537,Jet A-1,650,8878,820,8708,0.912,8096.74,AeroSupply,USD
V000538,Jet A-1,695,14435,855,14275,0.926,13366.81,FuelAndes,USD
V000539,Jet A-1,740,4284,890,4134,0.94,4026.96,PetroAirport,USD
V000540,Jet A-1,785,11264,925,11124,0.8,9011.2,AeroSupply,USD
V000541,Jet A-1,830,13001,750,13081,0.814,10582.81,FuelAndes,USD
V000542,Jet A-1,875,2241,785,2331,0.828,1855.55,PetroAirport,USD
V000543,Jet A-1,920,10232,820,10332,0.842,8615.34,AeroSupply,USD
V000544,Jet A-1,965,17292,855,17402,0.856,14801.95,FuelAndes,USD
V000545,Jet A-1,650,2640,890,2400,0.87,2296.8,PetroAirport,USD
V000546,Jet A-1,695,4111,925,3881,0.884,3634.12,AeroSupply,USD
V000547,Jet A-1,740,17320,750,17310,0.898,15553.36,FuelAndes,USD
V000548,Jet A-1,785,3421,785,3421,0.912,3119.95,PetroAirport,USD
V000549,Jet A-1,830,3779,820,3789,0.926,3499.35,AeroSupply,USD
V000550,Jet A-1,875,9867,855,9887,0.94,9274.98,FuelAndes,USD
V000551,Jet A-1,920,3460,890,3490,0.8,2768,PetroAirport,USD
V000552,Jet A-1,965,3818,925,3858,0.814,3107.85,AeroSupply,USD
V000553,Jet A-1,650,10878,750,10778,0.828,9006.98,FuelAndes,USD
V000554,Jet A-1,695,3756,785,3666,0.842,3162.55,PetroAirport,USD
V000555,Jet A-1,740,4891,820,4811,0.856,4186.7,AeroSupply,USD
V000556,Jet A-1,785,10756,855,10686,0.87,9357.72,FuelAndes,USD
V000557,Jet A-1,830,3003,890,2943,0.884,2654.65,PetroAirport,USD
V000558,Jet A-1,875,4930,925,4880,0.898,4427.14,AeroSupply,USD
V000559,Jet A-1,920,7900,750,8070,0.912,7204.8,FuelAndes,USD
V000560,Jet A-1,965,2627,785,2807,0.926,2432.6,PetroAirport,USD
V000561,Jet A-1,650,3872,820,3702,0.94,3639.68,AeroSupply,USD
V000562,Jet A-1,695,8138,855,7978,0.8,6510.4,FuelAndes,USD
V000563,Jet A-1,740,13254,890,13104,0.814,10788.76,PetroAirport,USD
V000564,Jet A-1,785,3911,925,3771,0.828,3238.31,AeroSupply,USD
V000565,Jet A-1,830,10275,750,10355,0.842,8651.55,FuelAndes,USD
V000566,Jet A-1,875,13083,785,13173,0.856,11199.05,PetroAirport,USD
V000567,Jet A-1,920,2323,820,2423,0.87,2021.01,AeroSupply,USD
V000568,Jet A-1,965,10153,855,10263,0.884,8975.25,FuelAndes,USD
V000569,Jet A-1,650,0,650,0,0.898,0,PetroAirport,USD
V000570,Jet A-1,695,2561,925,2331,0.912,2335.63,AeroSupply,USD
V000571,Jet A-1,740,4119,750,4109,0.926,3814.19,FuelAndes,USD
V000572,Jet A-1,785,18872,785,18872,0.94,17739.68,PetroAirport,USD
V000573,Jet A-1,830,2561,820,2571,0.8,2048.8,AeroSupply,USD
V000574,Jet A-1,875,4158,855,4178,0.814,3384.61,FuelAndes,USD
V000575,Jet A-1,920,18750,890,18780,0.828,15525,PetroAirport,USD
V000576,Jet A-1,965,3649,925,3689,0.842,3072.46,AeroSupply,USD
V000577,Jet A-1,650,3889,750,3789,0.856,3328.98,FuelAndes,USD
V000578,Jet A-1,695,9977,785,9887,0.87,8679.99,PetroAirport,USD
V000579,Jet A-1,740,3570,820,3490,0.884,3155.88,AeroSupply,USD
V000580,Jet A-1,785,4616,855,4546,0.898,4145.17,FuelAndes,USD
V000581,Jet A-1,830,10016,890,9956,0.912,9134.59,PetroAirport,USD
V000582,Jet A-1,875,2719,925,2669,0.926,2517.79,AeroSupply,USD
V000583,Jet A-1,920,4284,750,4454,0.94,4026.96,FuelAndes,USD
V000584,Jet A-1,965,7821,785,8001,0.8,6256.8,PetroAirport,USD
V000585,Jet A-1,650,2908,820,2738,0.814,2367.11,AeroSupply,USD
V000586,Jet A-1,695,3954,855,3794,0.828,3273.91,FuelAndes,USD
V000587,Jet A-1,740,8220,890,8070,0.842,6921.24,PetroAirport,USD
V000588,Jet A-1,785,13336,925,13196,0.856,11415.62,AeroSupply,USD
V000589,Jet A-1,830,3916,750,3996,0.87,3406.92,FuelAndes,USD
V000590,Jet A-1,875,11057,785,11147,0.884,9774.39,PetroAirport,USD
V000591,Jet A-1,920,14106,820,14206,0.898,12667.19,AeroSupply,USD
V000592,Jet A-1,965,2415,855,2525,0.912,2202.48,FuelAndes,USD
V000593,Jet A-1,650,11456,890,11216,0.926,10608.26,PetroAirport,USD
V000594,Jet A-1,695,19125,925,18895,0.94,17977.5,AeroSupply,USD
V000595,Jet A-1,740,2433,750,2423,0.8,1946.4,FuelAndes,USD
V000596,Jet A-1,785,10263,785,10263,0.814,8354.08,PetroAirport,USD
V000597,Jet A-1,830,17323,820,17333,0.828,14343.44,AeroSupply,USD
V000598,Jet A-1,875,2311,855,2331,0.842,1945.86,FuelAndes,USD
V000599,Jet A-1,920,3782,890,3812,0.856,3237.39,PetroAirport,USD
V000600,Jet A-1,965,17362,925,17402,0.87,15104.94,AeroSupply,USD
V000601,Jet A-1,650,3613,750,3513,0.884,3193.89,FuelAndes,USD
V000602,Jet A-1,695,3971,785,3881,0.898,3565.96,PetroAirport,USD
V000603,Jet A-1,740,9898,820,9818,0.912,9026.98,AeroSupply,USD
V000604,Jet A-1,785,3491,855,3421,0.926,3232.67,FuelAndes,USD
V000605,Jet A-1,830,4537,890,4477,0.94,4264.78,PetroAirport,USD
V000606,Jet A-1,875,9937,925,9887,0.8,7949.6,AeroSupply,USD
V000607,Jet A-1,920,2796,750,2966,0.814,2275.94,FuelAndes,USD
V000608,Jet A-1,965,4723,785,4903,0.828,3910.64,PetroAirport,USD
V000609,Jet A-1,650,8924,820,8754,0.842,7514.01,AeroSupply,USD
V000610,Jet A-1,695,3034,855,2874,0.856,2597.1,FuelAndes,USD
V000611,Jet A-1,740,4169,890,4019,0.87,3627.03,PetroAirport,USD
V000612,Jet A-1,785,8802,925,8662,0.884,7780.97,AeroSupply,USD
V000613,Jet A-1,830,13047,750,13127,0.898,11716.21,FuelAndes,USD
V000614,Jet A-1,875,3704,785,3794,0.912,3378.05,PetroAirport,USD
V000615,Jet A-1,920,10278,820,10378,0.926,9517.43,AeroSupply,USD
V000616,Jet A-1,965,13086,855,13196,0.94,12300.84,FuelAndes,USD
V000617,Jet A-1,650,3942,890,3702,0.8,3153.6,PetroAirport,USD
V000618,Jet A-1,695,10516,925,10286,0.814,8560.02,AeroSupply,USD
V000619,Jet A-1,740,13114,750,13104,0.828,10858.39,FuelAndes,USD
V000620,Jet A-1,785,2354,785,2354,0.842,1982.07,PetroAirport,USD
V000621,Jet A-1,830,10345,820,10355,0.856,8855.32,AeroSupply,USD
V000622,Jet A-1,875,17405,855,17425,0.87,15142.35,FuelAndes,USD
V000623,Jet A-1,920,2393,890,2423,0.884,2115.41,PetroAirport,USD
V000624,Jet A-1,965,3703,925,3743,0.898,3325.29,AeroSupply,USD
V000625,Jet A-1,650,18903,750,18803,0.912,17239.54,FuelAndes,USD
V000626,Jet A-1,695,3802,785,3712,0.926,3520.65,PetroAirport,USD
V000627,Jet A-1,740,4189,820,4109,0.94,3937.66,AeroSupply,USD
V000628,Jet A-1,785,10802,855,10732,0.8,8641.6,FuelAndes,USD
V000629,Jet A-1,830,3841,890,3781,0.814,3126.57,PetroAirport,USD
V000630,Jet A-1,875,4976,925,4926,0.828,4120.13,AeroSupply,USD
V000631,Jet A-1,920,9648,750,9818,0.842,8123.62,FuelAndes,USD
V000632,Jet A-1,965,2512,785,2692,0.856,2150.27,PetroAirport,USD
V000633,Jet A-1,650,4647,820,4477,0.87,4042.89,AeroSupply,USD
V000634,Jet A-1,695,8184,855,8024,0.884,7234.66,FuelAndes,USD
V000635,Jet A-1,740,2911,890,2761,0.898,2614.08,PetroAirport,USD
V000636,Jet A-1,785,3957,925,3817,0.912,3608.78,AeroSupply,USD
V000637,Jet A-1,830,8013,750,8093,0.926,7420.04,FuelAndes,USD
V000638,Jet A-1,875,12968,785,13058,0.94,12189.92,PetroAirport,USD
V000639,Jet A-1,920,3625,820,3725,0.8,2900,AeroSupply,USD
V000640,Jet A-1,965,0,965,0,0.814,0,FuelAndes,USD
V000641,Jet A-1,650,13367,890,13127,0.828,11067.88,PetroAirport,USD
V000642,Jet A-1,695,4024,925,3794,0.842,3388.21,AeroSupply,USD
V000643,Jet A-1,740,11249,750,11239,0.856,9629.14,FuelAndes,USD
V000644,Jet A-1,785,14298,785,14298,0.87,12439.26,PetroAirport,USD
V000645,Jet A-1,830,2446,820,2456,0.884,2162.26,AeroSupply,USD
V000646,Jet A-1,875,11127,855,11147,0.898,9992.05,FuelAndes,USD
V000647,Jet A-1,920,18796,890,18826,0.912,17141.95,PetroAirport,USD
V000648,Jet A-1,965,2485,925,2525,0.926,2301.11,AeroSupply,USD
V000649,Jet A-1,650,3935,750,3835,0.94,3698.9,FuelAndes,USD
V000650,Jet A-1,695,17515,785,17425,0.8,14012,PetroAirport,USD
V000651,Jet A-1,740,3616,820,3536,0.814,2943.42,AeroSupply,USD
V000652,Jet A-1,785,3813,855,3743,0.828,3157.16,FuelAndes,USD
V000653,Jet A-1,830,9901,890,9841,0.842,8336.64,PetroAirport,USD
V000654,Jet A-1,875,3494,925,3444,0.856,2990.86,AeroSupply,USD
V000655,Jet A-1,920,4330,750,4500,0.87,3767.1,FuelAndes,USD
V000656,Jet A-1,965,9730,785,9910,0.884,8601.32,PetroAirport,USD
V000657,Jet A-1,650,2954,820,2784,0.898,2652.69,AeroSupply,USD
V000658,Jet A-1,695,4729,855,4569,0.912,4312.85,FuelAndes,USD
V000659,Jet A-1,740,8105,890,7955,0.926,7505.23,PetroAirport,USD
V000660,Jet A-1,785,2832,925,2692,0.94,2662.08,AeroSupply,USD
V000661,Jet A-1,830,4754,750,4834,0.8,3803.2,FuelAndes,USD
V000662,Jet A-1,875,8595,785,8685,0.814,6996.33,PetroAirport,USD
V000663,Jet A-1,920,2866,820,2966,0.828,2373.05,AeroSupply,USD
V000664,Jet A-1,965,4001,855,4111,0.842,3368.84,FuelAndes,USD
V000665,Jet A-1,650,8994,890,8754,0.856,7698.86,PetroAirport,USD
V000666,Jet A-1,695,14390,925,14160,0.87,12519.3,AeroSupply,USD
V000667,Jet A-1,740,3735,750,3725,0.884,3301.74,FuelAndes,USD
V000668,Jet A-1,785,10309,785,10309,0.898,9257.48,PetroAirport,USD
V000669,Jet A-1,830,13117,820,13127,0.912,11962.7,AeroSupply,USD
V000670,Jet A-1,875,2357,855,2377,0.926,2182.58,FuelAndes,USD
V000671,Jet A-1,920,10348,890,10378,0.94,9727.12,PetroAirport,USD
V000672,Jet A-1,965,17408,925,17448,0.8,13926.4,AeroSupply,USD
V000673,Jet A-1,650,2385,750,2285,0.814,1941.39,FuelAndes,USD
V000674,Jet A-1,695,3856,785,3766,0.828,3192.77,PetroAirport,USD
V000675,Jet A-1,740,17436,820,17356,0.842,14681.11,AeroSupply,USD
V000676,Jet A-1,785,3537,855,3467,0.856,3027.67,FuelAndes,USD
V000677,Jet A-1,830,3895,890,3835,0.87,3388.65,PetroAirport,USD
V000678,Jet A-1,875,9983,925,9933,0.884,8824.97,AeroSupply,USD
V000679,Jet A-1,920,3634,750,3804,0.898,3263.33,FuelAndes,USD
V000680,Jet A-1,965,4608,785,4788,0.912,4202.5,PetroAirport,USD
V000681,Jet A-1,650,10833,820,10663,0.926,10031.36,AeroSupply,USD
V000682,Jet A-1,695,3080,855,2920,0.94,2895.2,FuelAndes,USD
V000683,Jet A-1,740,5007,890,4857,0.8,4005.6,PetroAirport,USD
V000684,Jet A-1,785,10872,925,10732,0.814,8849.81,AeroSupply,USD
V000685,Jet A-1,830,2704,750,2784,0.828,2238.91,FuelAndes,USD
V000686,Jet A-1,875,4479,785,4569,0.842,3771.32,PetroAirport,USD
V000687,Jet A-1,920,7855,820,7955,0.856,6723.88,AeroSupply,USD
V000688,Jet A-1,965,2582,855,2692,0.87,2246.34,FuelAndes,USD
V000689,Jet A-1,650,3988,890,3748,0.884,3525.39,PetroAirport,USD
V000690,Jet A-1,695,8254,925,8024,0.898,7412.09,AeroSupply,USD
V000691,Jet A-1,740,13160,750,13150,0.912,12001.92,FuelAndes,USD
V000692,Jet A-1,785,3817,785,3817,0.926,3534.54,PetroAirport,USD
V000693,Jet A-1,830,10391,820,10401,0.94,9767.54,AeroSupply,USD
V000694,Jet A-1,875,13038,855,13058,0.8,10430.4,FuelAndes,USD
V000695,Jet A-1,920,2278,890,2308,0.814,1854.29,PetroAirport,USD
V000696,Jet A-1,965,10269,925,10309,0.828,8502.73,AeroSupply,USD
V000697,Jet A-1,650,18949,750,18849,0.842,15955.06,FuelAndes,USD
V000698,Jet A-1,695,2638,785,2548,0.856,2258.13,PetroAirport,USD
V000699,Jet A-1,740,4235,820,4155,0.87,3684.45,AeroSupply,USD
V000700,Jet A-1,785,18988,855,18918,0.884,16785.39,FuelAndes,USD
V000701,Jet A-1,830,3726,890,3666,0.898,3345.95,PetroAirport,USD
V000702,Jet A-1,875,4113,925,4063,0.912,3751.06,AeroSupply,USD
V000703,Jet A-1,920,9694,750,9864,0.926,8976.64,FuelAndes,USD
V000704,Jet A-1,965,3287,785,3467,0.94,3089.78,PetroAirport,USD
V000705,Jet A-1,650,4005,820,3835,0.8,3204,AeroSupply,USD
V000706,Jet A-1,695,10093,855,9933,0.814,8215.7,FuelAndes,USD
V000707,Jet A-1,740,3686,890,3536,0.828,3052.01,PetroAirport,USD
V000708,Jet A-1,785,4571,925,4431,0.842,3848.78,AeroSupply,USD
V000709,Jet A-1,830,9761,750,9841,0.856,8355.42,FuelAndes,USD
V000710,Jet A-1,875,2625,785,2715,0.87,2283.75,PetroAirport,USD
V000711,Jet A-1,920,0,920,0,0.884,0,AeroSupply,USD
V000712,Jet A-1,965,7937,855,8047,0.898,7127.43,FuelAndes,USD
V000713,Jet A-1,650,3024,890,2784,0.912,2757.89,PetroAirport,USD
V000714,Jet A-1,695,4070,925,3840,0.926,3768.82,AeroSupply,USD
V000715,Jet A-1,740,8626,750,8616,0.94,8108.44,FuelAndes,USD
V000716,Jet A-1,785,14183,785,14183,0.8,11346.4,PetroAirport,USD
V000717,Jet A-1,830,4032,820,4042,0.814,3282.05,AeroSupply,USD
V000718,Jet A-1,875,11173,855,11193,0.828,9251.24,FuelAndes,USD
V000719,Jet A-1,920,14222,890,14252,0.842,11974.92,PetroAirport,USD
V000720,Jet A-1,965,2531,925,2571,0.856,2166.54,AeroSupply,USD
V000721,Jet A-1,650,10501,750,10401,0.87,9135.87,FuelAndes,USD
V000722,Jet A-1,695,17400,785,17310,0.884,15381.6,PetroAirport,USD
V000723,Jet A-1,740,2388,820,2308,0.898,2144.42,AeroSupply,USD
V000724,Jet A-1,785,3859,855,3789,0.912,3519.41,FuelAndes,USD
V000725,Jet A-1,830,17439,890,17379,0.926,16148.51,PetroAirport,USD
V000726,Jet A-1,875,3540,925,3490,0.94,3327.6,AeroSupply,USD
V000727,Jet A-1,920,3688,750,3858,0.8,2950.4,FuelAndes,USD
V000728,Jet A-1,965,17268,785,17448,0.814,14056.15,PetroAirport,USD
V000729,Jet A-1,650,3568,820,3398,0.828,2954.3,AeroSupply,USD
V000730,Jet A-1,695,3926,855,3766,0.842,3305.69,FuelAndes,USD
V000731,Jet A-1,740,10014,890,9864,0.856,8571.98,PetroAirport,USD
V000732,Jet A-1,785,3607,925,3467,0.87,3138.09,AeroSupply,USD
V000733,Jet A-1,830,4800,750,4880,0.884,4243.2,FuelAndes,USD
V000734,Jet A-1,875,10665,785,10755,0.898,9577.17,PetroAirport,USD
V000735,Jet A-1,920,2912,820,3012,0.912,2655.74,AeroSupply,USD
V000736,Jet A-1,965,4678,855,4788,0.926,4331.83,FuelAndes,USD
V000737,Jet A-1,650,8879,890,8639,0.94,8346.26,PetroAirport,USD
V000738,Jet A-1,695,3150,925,2920,0.8,2520,AeroSupply,USD
V000739,Jet A-1,740,3781,750,3771,0.814,3077.73,FuelAndes,USD
V000740,Jet A-1,785,8047,785,8047,0.828,6662.92,PetroAirport,USD
V000741,Jet A-1,830,13163,820,13173,0.842,11083.25,AeroSupply,USD
V000742,Jet A-1,875,3820,855,3840,0.856,3269.92,FuelAndes,USD
V000743,Jet A-1,920,10233,890,10263,0.87,8902.71,PetroAirport,USD
V000744,Jet A-1,965,13041,925,13081,0.884,11528.24,AeroSupply,USD
V000745,Jet A-1,650,2431,750,2331,0.898,2183.04,FuelAndes,USD
V000746,Jet A-1,695,10422,785,10332,0.912,9504.86,PetroAirport,USD
V000747,Jet A-1,740,17482,820,17402,0.926,16188.33,AeroSupply,USD
V000748,Jet A-1,785,2470,855,2400,0.94,2321.8,FuelAndes,USD
V000749,Jet A-1,830,10461,890,10401,0.8,8368.8,PetroAirport,USD
V000750,Jet A-1,875,17360,925,17310,0.814,14131.04,AeroSupply,USD
V000751,Jet A-1,920,2309,750,2479,0.828,1911.85,FuelAndes,USD
V000752,Jet A-1,965,3906,785,4086,0.842,3288.85,PetroAirport,USD
V000753,Jet A-1,650,19019,820,18849,0.856,16280.26,AeroSupply,USD
V000754,Jet A-1,695,3918,855,3758,0.87,3408.66,FuelAndes,USD
V000755,Jet A-1,740,4305,890,4155,0.884,3805.62,PetroAirport,USD
V000756,Jet A-1,785,10918,925,10778,0.898,9804.36,AeroSupply,USD
V000757,Jet A-1,830,3318,750,3398,0.912,3026.02,FuelAndes,USD
V000758,Jet A-1,875,4364,785,4454,0.926,4041.06,PetroAirport,USD
V000759,Jet A-1,920,9764,820,9864,0.94,9178.16,AeroSupply,USD
V000760,Jet A-1,965,2628,855,2738,0.8,2102.4,FuelAndes,USD
V000761,Jet A-1,650,4763,890,4523,0.814,3877.08,PetroAirport,USD
V000762,Jet A-1,695,8300,925,8070,0.828,6872.4,AeroSupply,USD
V000763,Jet A-1,740,2817,750,2807,0.842,2371.91,FuelAndes,USD
V000764,Jet A-1,785,3702,785,3702,0.856,3168.91,PetroAirport,USD
V000765,Jet A-1,830,7968,820,7978,0.87,6932.16,AeroSupply,USD
V000766,Jet A-1,875,13084,855,13104,0.884,11566.26,FuelAndes,USD
V000767,Jet A-1,920,3741,890,3771,0.898,3359.42,PetroAirport,USD
V000768,Jet A-1,965,10315,925,10355,0.912,9407.28,AeroSupply,USD
V000769,Jet A-1,650,14375,750,14275,0.926,13311.25,FuelAndes,USD
V000770,Jet A-1,695,2684,785,2594,0.94,2522.96,PetroAirport,USD
V000771,Jet A-1,740,11204,820,11124,0.8,8963.2,AeroSupply,USD
V000772,Jet A-1,785,14253,855,14183,0.814,11601.94,FuelAndes,USD
V000773,Jet A-1,830,2562,890,2502,0.828,2121.34,PetroAirport,USD
V000774,Jet A-1,875,11243,925,11193,0.842,9466.61,AeroSupply,USD
V000775,Jet A-1,920,17232,750,17402,0.856,14750.59,FuelAndes,USD
V000776,Jet A-1,965,2220,785,2400,0.87,1931.4,PetroAirport,USD
V000777,Jet A-1,650,4051,820,3881,0.884,3581.08,AeroSupply,USD
V000778,Jet A-1,695,17470,855,17310,0.898,15688.06,FuelAndes,USD
V000779,Jet A-1,740,3571,890,3421,0.912,3256.75,PetroAirport,USD
V000780,Jet A-1,785,3929,925,3789,0.926,3638.25,AeroSupply,USD
V000781,Jet A-1,830,9807,750,9887,0.94,9218.58,FuelAndes,USD
V000782,Jet A-1,875,0,875,0,0.8,0,PetroAirport,USD
V000783,Jet A-1,920,4446,820,4546,0.814,3619.04,AeroSupply,USD
V000784,Jet A-1,965,9846,855,9956,0.828,8152.49,FuelAndes,USD
V000785,Jet A-1,650,2909,890,2669,0.842,2449.38,PetroAirport,USD
V000786,Jet A-1,695,4684,925,4454,0.856,4009.5,AeroSupply,USD
V000787,Jet A-1,740,8672,750,8662,0.87,7544.64,FuelAndes,USD
V000788,Jet A-1,785,2943,785,2943,0.884,2601.61,PetroAirport,USD
V000789,Jet A-1,830,4078,820,4088,0.898,3662.04,AeroSupply,USD
V000790,Jet A-1,875,8711,855,8731,0.912,7944.43,FuelAndes,USD
V000791,Jet A-1,920,14268,890,14298,0.926,13212.17,PetroAirport,USD
V000792,Jet A-1,965,3956,925,3996,0.94,3718.64,AeroSupply,USD
V000793,Jet A-1,650,8078,750,7978,0.8,6462.4,FuelAndes,USD
V000794,Jet A-1,695,13194,785,13104,0.814,10739.92,PetroAirport,USD
V000795,Jet A-1,740,3851,820,3771,0.828,3188.63,AeroSupply,USD
V000796,Jet A-1,785,10425,855,10355,0.842,8777.85,FuelAndes,USD
V000797,Jet A-1,830,13233,890,13173,0.856,11327.45,PetroAirport,USD
V000798,Jet A-1,875,2473,925,2423,0.87,2151.51,AeroSupply,USD
V000799,Jet A-1,920,10093,750,10263,0.884,8922.21,FuelAndes,USD
V000800,Jet A-1,965,17153,785,17333,0.898,15403.39,PetroAirport,USD
V000801,Jet A-1,650,2501,820,2331,0.912,2280.91,AeroSupply,USD
V000802,Jet A-1,695,3972,855,3812,0.926,3678.07,FuelAndes,USD
V000803,Jet A-1,740,17552,890,17402,0.94,16498.88,PetroAirport,USD
V000804,Jet A-1,785,3653,925,3513,0.8,2922.4,AeroSupply,USD
V000805,Jet A-1,830,4098,750,4178,0.814,3335.77,FuelAndes,USD
V000806,Jet A-1,875,10550,785,10640,0.828,8735.4,PetroAirport,USD
V000807,Jet A-1,920,3589,820,3689,0.842,3021.94,AeroSupply,USD
V000808,Jet A-1,965,4724,855,4834,0.856,4043.74,FuelAndes,USD
V000809,Jet A-1,650,10949,890,10709,0.87,9525.63,PetroAirport,USD
V000810,Jet A-1,695,3196,925,2966,0.884,2825.26,AeroSupply,USD
V000811,Jet A-1,740,4556,750,4546,0.898,4091.29,FuelAndes,USD
V000812,Jet A-1,785,8093,785,8093,0.912,7380.82,PetroAirport,USD
V000813,Jet A-1,830,2659,820,2669,0.926,2462.23,AeroSupply,USD
V000814,Jet A-1,875,3705,855,3725,0.94,3482.7,FuelAndes,USD
V000815,Jet A-1,920,7971,890,8001,0.8,6376.8,PetroAirport,USD
V000816,Jet A-1,965,2698,925,2738,0.814,2196.17,AeroSupply,USD
V000817,Jet A-1,650,3894,750,3794,0.828,3224.23,FuelAndes,USD
V000818,Jet A-1,695,8160,785,8070,0.842,6870.72,PetroAirport,USD
V000819,Jet A-1,740,13276,820,13196,0.856,11364.26,AeroSupply,USD
V000820,Jet A-1,785,3772,855,3702,0.87,3281.64,FuelAndes,USD
V000821,Jet A-1,830,10346,890,10286,0.884,9145.86,PetroAirport,USD
V000822,Jet A-1,875,13154,925,13104,0.898,11812.29,AeroSupply,USD
V000823,Jet A-1,920,2355,750,2525,0.912,2147.76,FuelAndes,USD
V000824,Jet A-1,965,11036,785,11216,0.926,10219.34,PetroAirport,USD
V000825,Jet A-1,650,19065,820,18895,0.94,17921.1,AeroSupply,USD
V000826,Jet A-1,695,2754,855,2594,0.8,2203.2,FuelAndes,USD
V000827,Jet A-1,740,4190,890,4040,0.814,3410.66,PetroAirport,USD
V000828,Jet A-1,785,18943,925,18803,0.828,15684.8,AeroSupply,USD
V000829,Jet A-1,830,3364,750,3444,0.842,2832.49,FuelAndes,USD
V000830,Jet A-1,875,3722,785,3812,0.856,3186.03,PetroAirport,USD
V000831,Jet A-1,920,9810,820,9910,0.87,8534.7,AeroSupply,USD
V000832,Jet A-1,965,3403,855,3513,0.884,3008.25,FuelAndes,USD
V000833,Jet A-1,650,4809,890,4569,0.898,4318.48,PetroAirport,USD
V000834,Jet A-1,695,10048,925,9818,0.912,9163.78,AeroSupply,USD
V000835,Jet A-1,740,2702,750,2692,0.926,2502.05,FuelAndes,USD
V000836,Jet A-1,785,4477,785,4477,0.94,4208.38,PetroAirport,USD
V000837,Jet A-1,830,9877,820,9887,0.8,7901.6,AeroSupply,USD
V000838,Jet A-1,875,2741,855,2761,0.814,2231.17,FuelAndes,USD
V000839,Jet A-1,920,4516,890,4546,0.828,3739.25,PetroAirport,USD
V000840,Jet A-1,965,8053,925,8093,0.842,6780.63,AeroSupply,USD
V000841,Jet A-1,650,2974,750,2874,0.856,2545.74,FuelAndes,USD
V000842,Jet A-1,695,4109,785,4019,0.87,3574.83,PetroAirport,USD
V000843,Jet A-1,740,8742,820,8662,0.884,7727.93,AeroSupply,USD
V000844,Jet A-1,785,14299,855,14229,0.898,12840.5,FuelAndes,USD
V000845,Jet A-1,830,4148,890,4088,0.912,3782.98,PetroAirport,USD
V000846,Jet A-1,875,11289,925,11239,0.926,10453.61,AeroSupply,USD
V000847,Jet A-1,920,13026,750,13196,0.94,12244.44,FuelAndes,USD
V000848,Jet A-1,965,2105,785,2285,0.8,1684,PetroAirport,USD
V000849,Jet A-1,650,10456,820,10286,0.814,8511.18,AeroSupply,USD
V000850,Jet A-1,695,17516,855,17356,0.828,14503.25,FuelAndes,USD
V000851,Jet A-1,740,2504,890,2354,0.842,2108.37,PetroAirport,USD
V000852,Jet A-1,785,3975,925,3835,0.856,3402.6,AeroSupply,USD
V000853,Jet A-1,830,0,830,0,0.87,0,FuelAndes,USD
V000854,Jet A-1,875,3446,785,3536,0.884,3046.26,PetroAirport,USD
V000855,Jet A-1,920,3643,820,3743,0.898,3271.41,AeroSupply,USD
V000856,Jet A-1,965,9731,855,9841,0.912,8874.67,FuelAndes,USD
V000857,Jet A-1,650,3684,890,3444,0.926,3411.38,PetroAirport,USD
V000858,Jet A-1,695,4730,925,4500,0.94,4446.2,AeroSupply,USD
V000859,Jet A-1,740,10742,750,10732,0.8,8593.6,FuelAndes,USD
V000860,Jet A-1,785,3781,785,3781,0.814,3077.73,PetroAirport,USD
V000861,Jet A-1,830,4916,820,4926,0.828,4070.45,AeroSupply,USD
V000862,Jet A-1,875,10620,855,10640,0.842,8942.04,FuelAndes,USD
V000863,Jet A-1,920,2867,890,2897,0.856,2454.15,PetroAirport,USD
V000864,Jet A-1,965,4794,925,4834,0.87,4170.78,AeroSupply,USD
V000865,Jet A-1,650,8124,750,8024,0.884,7181.62,FuelAndes,USD
V000866,Jet A-1,695,2851,785,2761,0.898,2560.2,PetroAirport,USD
V000867,Jet A-1,740,3897,820,3817,0.912,3554.06,AeroSupply,USD
V000868,Jet A-1,785,8163,855,8093,0.926,7558.94,FuelAndes,USD
V000869,Jet A-1,830,13118,890,13058,0.94,12330.92,PetroAirport,USD
V000870,Jet A-1,875,3775,925,3725,0.8,3020,AeroSupply,USD
V000871,Jet A-1,920,10139,750,10309,0.814,8253.15,FuelAndes,USD
V000872,Jet A-1,965,12947,785,13127,0.828,10720.12,PetroAirport,USD
V000873,Jet A-1,650,2547,820,2377,0.842,2144.57,AeroSupply,USD
V000874,Jet A-1,695,10538,855,10378,0.856,9020.53,FuelAndes,USD
V000875,Jet A-1,740,17598,890,17448,0.87,15310.26,PetroAirport,USD
V000876,Jet A-1,785,2425,925,2285,0.884,2143.7,AeroSupply,USD
V000877,Jet A-1,830,3983,750,4063,0.898,3576.73,FuelAndes,USD
V000878,Jet A-1,875,18736,785,18826,0.912,17087.23,PetroAirport,USD
V000879,Jet A-1,920,3635,820,3735,0.926,3366.01,AeroSupply,USD
V000880,Jet A-1,965,4022,855,4132,0.94,3780.68,FuelAndes,USD
V000881,Jet A-1,650,19135,890,18895,0.8,15308,PetroAirport,USD
V000882,Jet A-1,695,4034,925,3804,0.814,3283.68,AeroSupply,USD
V000883,Jet A-1,740,3753,750,3743,0.828,3107.48,FuelAndes,USD
V000884,Jet A-1,785,9841,785,9841,0.842,8286.12,PetroAirport,USD
V000885,Jet A-1,830,3434,820,3444,0.856,2939.5,AeroSupply,USD
V000886,Jet A-1,875,4480,855,4500,0.87,3897.6,FuelAndes,USD
V000887,Jet A-1,920,9880,890,9910,0.884,8733.92,PetroAirport,USD
V000888,Jet A-1,965,2744,925,2784,0.898,2464.11,AeroSupply,USD
V000889,Jet A-1,650,4669,750,4569,0.912,4258.13,FuelAndes,USD
V000890,Jet A-1,695,8045,785,7955,0.926,7449.67,PetroAirport,USD
V000891,Jet A-1,740,2772,820,2692,0.94,2605.68,AeroSupply,USD
V000892,Jet A-1,785,3818,855,3748,0.8,3054.4,FuelAndes,USD
V000893,Jet A-1,830,8084,890,8024,0.814,6580.38,PetroAirport,USD
V000894,Jet A-1,875,13200,925,13150,0.828,10929.6,AeroSupply,USD
V000895,Jet A-1,920,3941,750,4111,0.842,3318.32,FuelAndes,USD
V000896,Jet A-1,965,11082,785,11262,0.856,9486.19,PetroAirport,USD
V000897,Jet A-1,650,14330,820,14160,0.87,12467.1,AeroSupply,USD
V000898,Jet A-1,695,2639,855,2479,0.884,2332.88,FuelAndes,USD
V000899,Jet A-1,740,11320,890,11170,0.898,10165.36,PetroAirport,USD
V000900,Jet A-1,785,18989,925,18849,0.912,17317.97,AeroSupply,USD
V000901,Jet A-1,830,2297,750,2377,0.926,2127.02,FuelAndes,USD
V000902,Jet A-1,875,3768,785,3858,0.94,3541.92,PetroAirport,USD
V000903,Jet A-1,920,17348,820,17448,0.8,13878.4,AeroSupply,USD
V000904,Jet A-1,965,2175,855,2285,0.814,1770.45,FuelAndes,USD
V000905,Jet A-1,650,4006,890,3766,0.828,3316.97,PetroAirport,USD
V000906,Jet A-1,695,17586,925,17356,0.842,14807.41,AeroSupply,USD
V000907,Jet A-1,740,3477,750,3467,0.856,2976.31,FuelAndes,USD
V000908,Jet A-1,785,3835,785,3835,0.87,3336.45,PetroAirport,USD
V000909,Jet A-1,830,9923,820,9933,0.884,8771.93,AeroSupply,USD
V000910,Jet A-1,875,3516,855,3536,0.898,3157.37,FuelAndes,USD
V000911,Jet A-1,920,4401,890,4431,0.912,4013.71,PetroAirport,USD
V000912,Jet A-1,965,9801,925,9841,0.926,9075.73,AeroSupply,USD
V000913,Jet A-1,650,3020,750,2920,0.94,2838.8,FuelAndes,USD
V000914,Jet A-1,695,4947,785,4857,0.8,3957.6,PetroAirport,USD
V000915,Jet A-1,740,8788,820,8708,0.814,7153.43,AeroSupply,USD
V000916,Jet A-1,785,3059,855,2989,0.828,2532.85,FuelAndes,USD
V000917,Jet A-1,830,4194,890,4134,0.842,3531.35,PetroAirport,USD
V000918,Jet A-1,875,8666,925,8616,0.856,7418.1,AeroSupply,USD
V000919,Jet A-1,920,12911,750,13081,0.87,11232.57,FuelAndes,USD
V000920,Jet A-1,965,3568,785,3748,0.884,3154.11,PetroAirport,USD
V000921,Jet A-1,650,10502,820,10332,0.898,9430.8,AeroSupply,USD
V000922,Jet A-1,695,13310,855,13150,0.912,12138.72,FuelAndes,USD
V000923,Jet A-1,740,2550,890,2400,0.926,2361.3,PetroAirport,USD
V000924,Jet A-1,785,0,785,0,0.94,0,AeroSupply,USD
V000925,Jet A-1,830,12978,750,13058,0.8,10382.4,FuelAndes,USD
V000926,Jet A-1,875,2218,785,2308,0.814,1805.45,PetroAirport,USD
V000927,Jet A-1,920,10209,820,10309,0.828,8453.05,AeroSupply,USD
V000928,Jet A-1,965,17269,855,17379,0.842,14540.5,FuelAndes,USD
V000929,Jet A-1,650,2617,890,2377,0.856,2240.15,PetroAirport,USD
V000930,Jet A-1,695,4088,925,3858,0.87,3556.56,AeroSupply,USD
V000931,Jet A-1,740,18928,750,18918,0.884,16732.35,FuelAndes,USD
V000932,Jet A-1,785,3666,785,3666,0.898,3292.07,PetroAirport,USD
V000933,Jet A-1,830,4053,820,4063,0.912,3696.34,AeroSupply,USD
V000934,Jet A-1,875,10666,855,10686,0.926,9876.72,FuelAndes,USD
V000935,Jet A-1,920,3705,890,3735,0.94,3482.7,PetroAirport,USD
V000936,Jet A-1,965,4840,925,4880,0.8,3872,AeroSupply,USD
V000937,Jet A-1,650,10033,750,9933,0.814,8166.86,FuelAndes,USD
V000938,Jet A-1,695,2897,785,2807,0.828,2398.72,PetroAirport,USD
V000939,Jet A-1,740,4511,820,4431,0.842,3798.26,AeroSupply,USD
V000940,Jet A-1,785,8048,855,7978,0.856,6889.09,FuelAndes,USD
V000941,Jet A-1,830,2775,890,2715,0.87,2414.25,PetroAirport,USD
V000942,Jet A-1,875,3821,925,3771,0.884,3377.76,AeroSupply,USD
V000943,Jet A-1,920,7877,750,8047,0.898,7073.55,FuelAndes,USD
V000944,Jet A-1,965,12993,785,13173,0.912,11849.62,PetroAirport,USD
V000945,Jet A-1,650,4010,820,3840,0.926,3713.26,AeroSupply,USD
V000946,Jet A-1,695,10423,855,10263,0.94,9797.62,FuelAndes,USD
V000947,Jet A-1,740,13231,890,13081,0.8,10584.8,PetroAirport,USD
V000948,Jet A-1,785,3888,925,3748,0.814,3164.83,AeroSupply,USD
V000949,Jet A-1,830,11113,750,11193,0.828,9201.56,FuelAndes,USD
V000950,Jet A-1,875,14162,785,14252,0.842,11924.4,PetroAirport,USD
V000951,Jet A-1,920,2471,820,2571,0.856,2115.18,AeroSupply,USD
V000952,Jet A-1,965,11152,855,11262,0.87,9702.24,FuelAndes,USD
V000953,Jet A-1,650,19020,890,18780,0.884,16813.68,PetroAirport,USD
V000954,Jet A-1,695,2709,925,2479,0.898,2432.68,AeroSupply,USD
V000955,Jet A-1,740,3799,750,3789,0.912,3464.69,FuelAndes,USD
V000956,Jet A-1,785,17379,785,17379,0.926,16092.95,PetroAirport,USD
V000957,Jet A-1,830,3480,820,3490,0.94,3271.2,AeroSupply,USD
V000958,Jet A-1,875,3838,855,3858,0.8,3070.4,FuelAndes,USD
V000959,Jet A-1,920,9926,890,9956,0.814,8079.76,PetroAirport,USD
V000960,Jet A-1,965,3358,925,3398,0.828,2780.42,AeroSupply,USD
V000961,Jet A-1,650,4554,750,4454,0.842,3834.47,FuelAndes,USD
V000962,Jet A-1,695,9954,785,9864,0.856,8520.62,PetroAirport,USD
V000963,Jet A-1,740,2818,820,2738,0.87,2451.66,AeroSupply,USD
V000964,Jet A-1,785,4593,855,4523,0.884,4060.21,FuelAndes,USD
V000965,Jet A-1,830,8130,890,8070,0.898,7300.74,PetroAirport,USD
V000966,Jet A-1,875,2857,925,2807,0.912,2605.58,AeroSupply,USD
V000967,Jet A-1,920,3826,750,3996,0.926,3542.88,FuelAndes,USD
V000968,Jet A-1,965,8459,785,8639,0.94,7951.46,PetroAirport,USD
V000969,Jet A-1,650,3090,820,2920,0.8,2472,AeroSupply,USD
V000970,Jet A-1,695,4225,855,4065,0.814,3439.15,FuelAndes,USD
V000971,Jet A-1,740,8858,890,8708,0.828,7334.42,PetroAirport,USD
V000972,Jet A-1,785,14415,925,14275,0.842,12137.43,AeroSupply,USD
V000973,Jet A-1,830,3760,750,3840,0.856,3218.56,FuelAndes,USD
V000974,Jet A-1,875,10173,785,10263,0.87,8850.51,PetroAirport,USD
V000975,Jet A-1,920,12981,820,13081,0.884,11475.2,AeroSupply,USD
V000976,Jet A-1,965,2221,855,2331,0.898,1994.46,FuelAndes,USD
V000977,Jet A-1,650,10572,890,10332,0.912,9641.66,PetroAirport,USD
V000978,Jet A-1,695,17632,925,17402,0.926,16327.23,AeroSupply,USD
V000979,Jet A-1,740,2410,750,2400,0.94,2265.4,FuelAndes,USD
V000980,Jet A-1,785,3881,785,3881,0.8,3104.8,PetroAirport,USD
V000981,Jet A-1,830,17300,820,17310,0.814,14082.2,AeroSupply,USD
V000982,Jet A-1,875,3401,855,3421,0.828,2816.03,FuelAndes,USD
V000983,Jet A-1,920,3759,890,3789,0.842,3165.08,PetroAirport,USD
V000984,Jet A-1,965,9847,925,9887,0.856,8429.03,AeroSupply,USD
V000985,Jet A-1,650,3858,750,3758,0.87,3356.46,FuelAndes,USD
V000986,Jet A-1,695,4993,785,4903,0.884,4413.81,PetroAirport,USD
V000987,Jet A-1,740,10858,820,10778,0.898,9750.48,AeroSupply,USD
V000988,Jet A-1,785,2944,855,2874,0.912,2684.93,FuelAndes,USD
V000989,Jet A-1,830,4871,890,4811,0.926,4510.55,PetroAirport,USD
V000990,Jet A-1,875,8712,925,8662,0.94,8189.28,AeroSupply,USD
V000991,Jet A-1,920,2568,750,2738,0.8,2054.4,FuelAndes,USD
V000992,Jet A-1,965,4343,785,4523,0.814,3535.2,PetroAirport,USD
V000993,Jet A-1,650,8240,820,8070,0.828,6822.72,AeroSupply,USD
V000994,Jet A-1,695,2967,855,2807,0.842,2498.21,FuelAndes,USD
V000995,Jet A-1,740,0,740,0,0.856,0,PetroAirport,USD
V000996,Jet A-1,785,8118,925,7978,0.87,7062.66,AeroSupply,USD
V000997,Jet A-1,830,13024,750,13104,0.884,11513.22,FuelAndes,USD
V000998,Jet A-1,875,3681,785,3771,0.898,3305.54,PetroAirport,USD
V000999,Jet A-1,920,10255,820,10355,0.912,9352.56,AeroSupply,USD
V001000,Jet A-1,965,13063,855,13173,0.926,12096.34,FuelAndes,USD
V001001,Jet A-1,650,2663,890,2423,0.94,2503.22,PetroAirport,USD
V001002,Jet A-1,695,10493,925,10263,0.8,8394.4,AeroSupply,USD
V001003,Jet A-1,740,18813,750,18803,0.814,15313.78,FuelAndes,USD
V001004,Jet A-1,785,2502,785,2502,0.828,2071.66,PetroAirport,USD
V001005,Jet A-1,830,4099,820,4109,0.842,3451.36,AeroSupply,USD
V001006,Jet A-1,875,18852,855,18872,0.856,16137.31,FuelAndes,USD
V001007,Jet A-1,920,3751,890,3781,0.87,3263.37,PetroAirport,USD
V001008,Jet A-1,965,4138,925,4178,0.884,3657.99,AeroSupply,USD
V001009,Jet A-1,650,9918,750,9818,0.898,8906.36,FuelAndes,USD
V001010,Jet A-1,695,3511,785,3421,0.912,3202.03,PetroAirport,USD
V001011,Jet A-1,740,4557,820,4477,0.926,4219.78,AeroSupply,USD
V001012,Jet A-1,785,9957,855,9887,0.94,9359.58,FuelAndes,USD
V001013,Jet A-1,830,3550,890,3490,0.8,2840,PetroAirport,USD
V001014,Jet A-1,875,4596,925,4546,0.814,3741.14,AeroSupply,USD
V001015,Jet A-1,920,9786,750,9956,0.828,8102.81,FuelAndes,USD
V001016,Jet A-1,965,2489,785,2669,0.842,2095.74,PetroAirport,USD
V001017,Jet A-1,650,4624,820,4454,0.856,3958.14,AeroSupply,USD
V001018,Jet A-1,695,8161,855,8001,0.87,7100.07,FuelAndes,USD
V001019,Jet A-1,740,2888,890,2738,0.884,2552.99,PetroAirport,USD
V001020,Jet A-1,785,3934,925,3794,0.898,3532.73,AeroSupply,USD
V001021,Jet A-1,830,8651,750,8731,0.912,7889.71,FuelAndes,USD
V001022,Jet A-1,875,14208,785,14298,0.926,13156.61,PetroAirport,USD
V001023,Jet A-1,920,3896,820,3996,0.94,3662.24,AeroSupply,USD
V001024,Jet A-1,965,11037,855,11147,0.8,8829.6,FuelAndes,USD
V001025,Jet A-1,650,14446,890,14206,0.814,11759.04,PetroAirport,USD
V001026,Jet A-1,695,2755,925,2525,0.828,2281.14,AeroSupply,USD
V001027,Jet A-1,740,10365,750,10355,0.842,8727.33,FuelAndes,USD
V001028,Jet A-1,785,17425,785,17425,0.856,14915.8,PetroAirport,USD
V001029,Jet A-1,830,2413,820,2423,0.87,2099.31,AeroSupply,USD
V001030,Jet A-1,875,3723,855,3743,0.884,3291.13,FuelAndes,USD
V001031,Jet A-1,920,17303,890,17333,0.898,15538.09,PetroAirport,USD
V001032,Jet A-1,965,3404,925,3444,0.912,3104.45,AeroSupply,USD
V001033,Jet A-1,650,3912,750,3812,0.926,3622.51,FuelAndes,USD
V001034,Jet A-1,695,10000,785,9910,0.94,9400,PetroAirport,USD
V001035,Jet A-1,740,3593,820,3513,0.8,2874.4,AeroSupply,USD
V001036,Jet A-1,785,3951,855,3881,0.814,3216.11,FuelAndes,USD
V001037,Jet A-1,830,9878,890,9818,0.828,8178.98,PetroAirport,USD
V001038,Jet A-1,875,3471,925,3421,0.842,2922.58,AeroSupply,USD
V001039,Jet A-1,920,4664,750,4834,0.856,3992.38,FuelAndes,USD
V001040,Jet A-1,965,10529,785,10709,0.87,9160.23,PetroAirport,USD
V001041,Jet A-1,650,3136,820,2966,0.884,2772.22,AeroSupply,USD
V001042,Jet A-1,695,5063,855,4903,0.898,4546.57,FuelAndes,USD
V001043,Jet A-1,740,8904,890,8754,0.912,8120.45,PetroAirport,USD
V001044,Jet A-1,785,3014,925,2874,0.926,2790.96,AeroSupply,USD
V001045,Jet A-1,830,3645,750,3725,0.94,3426.3,FuelAndes,USD
V001046,Jet A-1,875,7911,785,8001,0.8,6328.8,PetroAirport,USD
V001047,Jet A-1,920,13027,820,13127,0.814,10603.98,AeroSupply,USD
V001048,Jet A-1,965,3684,855,3794,0.828,3050.35,FuelAndes,USD
V001049,Jet A-1,650,10618,890,10378,0.842,8940.36,PetroAirport,USD
V001050,Jet A-1,695,13426,925,13196,0.856,11492.66,AeroSupply,USD
V001051,Jet A-1,740,2295,750,2285,0.87,1996.65,FuelAndes,USD
V001052,Jet A-1,785,10286,785,10286,0.884,9092.82,PetroAirport,USD
V001053,Jet A-1,830,17346,820,17356,0.898,15576.71,AeroSupply,USD
V001054,Jet A-1,875,2334,855,2354,0.912,2128.61,FuelAndes,USD
V001055,Jet A-1,920,3805,890,3835,0.926,3523.43,PetroAirport,USD
V001056,Jet A-1,965,17385,925,17425,0.94,16341.9,AeroSupply,USD
V001057,Jet A-1,650,2694,750,2594,0.8,2155.2,FuelAndes,USD
V001058,Jet A-1,695,4130,785,4040,0.814,3361.82,PetroAirport,USD
V001059,Jet A-1,740,18883,820,18803,0.828,15635.12,AeroSupply,USD
V001060,Jet A-1,785,3782,855,3712,0.842,3184.44,FuelAndes,USD
V001061,Jet A-1,830,4169,890,4109,0.856,3568.66,PetroAirport,USD
V001062,Jet A-1,875,10782,925,10732,0.87,9380.34,AeroSupply,USD
V001063,Jet A-1,920,3343,750,3513,0.884,2955.21,FuelAndes,USD
V001064,Jet A-1,965,4389,785,4569,0.898,3941.32,PetroAirport,USD
V001065,Jet A-1,650,9988,820,9818,0.912,9109.06,AeroSupply,USD
V001066,Jet A-1,695,0,695,0,0.926,0,FuelAndes,USD
V001067,Jet A-1,740,4627,890,4477,0.94,4349.38,PetroAirport,USD
V001068,Jet A-1,785,8164,925,8024,0.8,6531.2,AeroSupply,USD
V001069,Jet A-1,830,2681,750,2761,0.814,2182.33,FuelAndes,USD
V001070,Jet A-1,875,3727,785,3817,0.828,3085.96,PetroAirport,USD
V001071,Jet A-1,920,7993,820,8093,0.842,6730.11,AeroSupply,USD
V001072,Jet A-1,965,12948,855,13058,0.856,11083.49,FuelAndes,USD
V001073,Jet A-1,650,3965,890,3725,0.87,3449.55,PetroAirport,USD
V001074,Jet A-1,695,10539,925,10309,0.884,9316.48,AeroSupply,USD
V001075,Jet A-1,740,14239,750,14229,0.898,12786.62,FuelAndes,USD
V001076,Jet A-1,785,2548,785,2548,0.912,2323.78,PetroAirport,USD
V001077,Jet A-1,830,11229,820,11239,0.926,10398.05,AeroSupply,USD
V001078,Jet A-1,875,18898,855,18918,0.94,17764.12,FuelAndes,USD
V001079,Jet A-1,920,2426,890,2456,0.8,1940.8,PetroAirport,USD
V001080,Jet A-1,965,11107,925,11147,0.814,9041.1,AeroSupply,USD
V001081,Jet A-1,650,17456,750,17356,0.828,14453.57,FuelAndes,USD
V001082,Jet A-1,695,2444,785,2354,0.842,2057.85,PetroAirport,USD
V001083,Jet A-1,740,3915,820,3835,0.856,3351.24,AeroSupply,USD
V001084,Jet A-1,785,17495,855,17425,0.87,15220.65,FuelAndes,USD
V001085,Jet A-1,830,3596,890,3536,0.884,3178.86,PetroAirport,USD
V001086,Jet A-1,875,3793,925,3743,0.898,3406.11,AeroSupply,USD
V001087,Jet A-1,920,9671,750,9841,0.912,8819.95,FuelAndes,USD
V001088,Jet A-1,965,3264,785,3444,0.926,3022.46,PetroAirport,USD
V001089,Jet A-1,650,4670,820,4500,0.94,4389.8,AeroSupply,USD
V001090,Jet A-1,695,10070,855,9910,0.8,8056,FuelAndes,USD
V001091,Jet A-1,740,2934,890,2784,0.814,2388.28,PetroAirport,USD
V001092,Jet A-1,785,4709,925,4569,0.828,3899.05,AeroSupply,USD
V001093,Jet A-1,830,8536,750,8616,0.842,7187.31,FuelAndes,USD
V001094,Jet A-1,875,2807,785,2897,0.856,2402.79,PetroAirport,USD
V001095,Jet A-1,920,3942,820,4042,0.87,3429.54,AeroSupply,USD
V001096,Jet A-1,965,8575,855,8685,0.884,7580.3,FuelAndes,USD
V001097,Jet A-1,650,14492,890,14252,0.898,13013.82,PetroAirport,USD
V001098,Jet A-1,695,4341,925,4111,0.912,3958.99,AeroSupply,USD
V001099,Jet A-1,740,10411,750,10401,0.926,9640.59,FuelAndes,USD
V001100,Jet A-1,785,13058,785,13058,0.94,12274.52,PetroAirport,USD
V001101,Jet A-1,830,3715,820,3725,0.8,2972,AeroSupply,USD
V001102,Jet A-1,875,10289,855,10309,0.814,8375.25,FuelAndes,USD
V001103,Jet A-1,920,13097,890,13127,0.828,10844.32,PetroAirport,USD
V001104,Jet A-1,965,2337,925,2377,0.842,1967.75,AeroSupply,USD
V001105,Jet A-1,650,10478,750,10378,0.856,8969.17,FuelAndes,USD
V001106,Jet A-1,695,17538,785,17448,0.87,15258.06,PetroAirport,USD
V001107,Jet A-1,740,2365,820,2285,0.884,2090.66,AeroSupply,USD
V001108,Jet A-1,785,3836,855,3766,0.898,3444.73,FuelAndes,USD
V001109,Jet A-1,830,17416,890,17356,0.912,15883.39,PetroAirport,USD
V001110,Jet A-1,875,3517,925,3467,0.926,3256.74,AeroSupply,USD
V001111,Jet A-1,920,3962,750,4132,0.94,3724.28,FuelAndes,USD
V001112,Jet A-1,965,10575,785,10755,0.8,8460,PetroAirport,USD
V001113,Jet A-1,650,3974,820,3804,0.814,3234.84,AeroSupply,USD
V001114,Jet A-1,695,4948,855,4788,0.828,4096.94,FuelAndes,USD
V001115,Jet A-1,740,10813,890,10663,0.842,9104.55,PetroAirport,USD
V001116,Jet A-1,785,3060,925,2920,0.856,2619.36,AeroSupply,USD
V001117,Jet A-1,830,4420,750,4500,0.87,3845.4,FuelAndes,USD
V001118,Jet A-1,875,7957,785,8047,0.884,7033.99,PetroAirport,USD
V001119,Jet A-1,920,2684,820,2784,0.898,2410.23,AeroSupply,USD
V001120,Jet A-1,965,3730,855,3840,0.912,3401.76,FuelAndes,USD
V001121,Jet A-1,650,8195,890,7955,0.926,7588.57,PetroAirport,USD
V001122,Jet A-1,695,13311,925,13081,0.94,12512.34,AeroSupply,USD
V001123,Jet A-1,740,3758,750,3748,0.8,3006.4,FuelAndes,USD
V001124,Jet A-1,785,8024,785,8024,0.814,6531.54,PetroAirport,USD
V001125,Jet A-1,830,13140,820,13150,0.828,10879.92,AeroSupply,USD
V001126,Jet A-1,875,3797,855,3817,0.842,3197.07,FuelAndes,USD
V001127,Jet A-1,920,10371,890,10401,0.856,8877.58,PetroAirport,USD
V001128,Jet A-1,965,13018,925,13058,0.87,11325.66,AeroSupply,USD
V001129,Jet A-1,650,2579,750,2479,0.884,2279.84,FuelAndes,USD
V001130,Jet A-1,695,11260,785,11170,0.898,10111.48,PetroAirport,USD
V001131,Jet A-1,740,18929,820,18849,0.912,17263.25,AeroSupply,USD
V001132,Jet A-1,785,2618,855,2548,0.926,2424.27,FuelAndes,USD
V001133,Jet A-1,830,4215,890,4155,0.94,3962.1,PetroAirport,USD
V001134,Jet A-1,875,18968,925,18918,0.8,15174.4,AeroSupply,USD
V001135,Jet A-1,920,3228,750,3398,0.814,2627.59,FuelAndes,USD
V001136,Jet A-1,965,3586,785,3766,0.828,2969.21,PetroAirport,USD
V001137,Jet A-1,650,0,650,0,0.842,0,AeroSupply,USD
V001138,Jet A-1,695,3627,855,3467,0.856,3104.71,FuelAndes,USD
V001139,Jet A-1,740,4673,890,4523,0.87,4065.51,PetroAirport,USD
V001140,Jet A-1,785,10073,925,9933,0.884,8904.53,AeroSupply,USD
V001141,Jet A-1,830,2727,750,2807,0.898,2448.85,FuelAndes,USD
V001142,Jet A-1,875,4341,785,4431,0.912,3958.99,PetroAirport,USD
V001143,Jet A-1,920,7878,820,7978,0.926,7295.03,AeroSupply,USD
V001144,Jet A-1,965,2605,855,2715,0.94,2448.7,FuelAndes,USD
V001145,Jet A-1,650,4740,890,4500,0.8,3792,PetroAirport,USD
V001146,Jet A-1,695,8277,925,8047,0.814,6737.48,AeroSupply,USD
V001147,Jet A-1,740,2999,750,2989,0.828,2483.17,FuelAndes,USD
V001148,Jet A-1,785,4134,785,4134,0.842,3480.83,PetroAirport,USD
V001149,Jet A-1,830,8606,820,8616,0.856,7366.74,AeroSupply,USD
V001150,Jet A-1,875,14163,855,14183,0.87,12321.81,FuelAndes,USD
V001151,Jet A-1,920,4012,890,4042,0.884,3546.61,PetroAirport,USD
V001152,Jet A-1,965,11153,925,11193,0.898,10015.39,AeroSupply,USD
V001153,Jet A-1,650,13250,750,13150,0.912,12084,FuelAndes,USD
V001154,Jet A-1,695,2490,785,2400,0.926,2305.74,PetroAirport,USD
V001155,Jet A-1,740,10481,820,10401,0.94,9852.14,AeroSupply,USD
V001156,Jet A-1,785,17380,855,17310,0.8,13904,FuelAndes,USD
V001157,Jet A-1,830,2368,890,2308,0.814,1927.55,PetroAirport,USD
V001158,Jet A-1,875,3839,925,3789,0.828,3178.69,AeroSupply,USD
V001159,Jet A-1,920,17209,750,17379,0.842,14489.98,FuelAndes,USD
V001160,Jet A-1,965,3310,785,3490,0.856,2833.36,PetroAirport,USD
V001161,Jet A-1,650,4028,820,3858,0.87,3504.36,AeroSupply,USD
V001162,Jet A-1,695,10116,855,9956,0.884,8942.54,FuelAndes,USD
V001163,Jet A-1,740,3548,890,3398,0.898,3186.1,PetroAirport,USD
V001164,Jet A-1,785,4594,925,4454,0.912,4189.73,AeroSupply,USD
V001165,Jet A-1,830,10606,750,10686,0.926,9821.16,FuelAndes,USD
V001166,Jet A-1,875,2853,785,2943,0.94,2681.82,PetroAirport,USD
V001167,Jet A-1,920,4780,820,4880,0.8,3824,AeroSupply,USD
V001168,Jet A-1,965,10645,855,10755,0.814,8665.03,FuelAndes,USD
V001169,Jet A-1,650,3252,890,3012,0.828,2692.66,PetroAirport,USD
V001170,Jet A-1,695,5018,925,4788,0.842,4225.16,AeroSupply,USD
V001171,Jet A-1,740,7988,750,7978,0.856,6837.73,FuelAndes,USD
V001172,Jet A-1,785,2715,785,2715,0.87,2362.05,PetroAirport,USD
V001173,Jet A-1,830,3761,820,3771,0.884,3324.72,AeroSupply,USD
V001174,Jet A-1,875,8027,855,8047,0.898,7208.25,FuelAndes,USD
V001175,Jet A-1,920,13143,890,13173,0.912,11986.42,PetroAirport,USD
V001176,Jet A-1,965,3800,925,3840,0.926,3518.8,AeroSupply,USD
V001177,Jet A-1,650,10363,750,10263,0.94,9741.22,FuelAndes,USD
V001178,Jet A-1,695,13171,785,13081,0.8,10536.8,PetroAirport,USD
V001179,Jet A-1,740,2411,820,2331,0.814,1962.55,AeroSupply,USD
V001180,Jet A-1,785,10402,855,10332,0.828,8612.86,FuelAndes,USD
V001181,Jet A-1,830,17462,890,17402,0.842,14703,PetroAirport,USD
V001182,Jet A-1,875,2450,925,2400,0.856,2097.2,AeroSupply,USD
V001183,Jet A-1,920,4008,750,4178,0.87,3486.96,FuelAndes,USD
V001184,Jet A-1,965,18600,785,18780,0.884,16442.4,PetroAirport,USD
V001185,Jet A-1,650,3859,820,3689,0.898,3465.38,AeroSupply,USD
V001186,Jet A-1,695,4246,855,4086,0.912,3872.35,FuelAndes,USD
V001187,Jet A-1,740,10859,890,10709,0.926,10055.43,PetroAirport,USD
V001188,Jet A-1,785,3898,925,3758,0.94,3664.12,AeroSupply,USD
V001189,Jet A-1,830,3778,750,3858,0.8,3022.4,FuelAndes,USD
V001190,Jet A-1,875,9866,785,9956,0.814,8030.92,PetroAirport,USD
V001191,Jet A-1,920,3298,820,3398,0.828,2730.74,AeroSupply,USD
V001192,Jet A-1,965,4344,855,4454,0.842,3657.65,FuelAndes,USD
V001193,Jet A-1,650,10104,890,9864,0.856,8649.02,PetroAirport,USD
V001194,Jet A-1,695,2968,925,2738,0.87,2582.16,AeroSupply,USD
V001195,Jet A-1,740,4533,750,4523,0.884,4007.17,FuelAndes,USD
V001196,Jet A-1,785,8070,785,8070,0.898,7246.86,PetroAirport,USD
V001197,Jet A-1,830,2797,820,2807,0.912,2550.86,AeroSupply,USD
V001198,Jet A-1,875,3682,855,3702,0.926,3409.53,FuelAndes,USD
V001199,Jet A-1,920,7948,890,7978,0.94,7471.12,PetroAirport,USD
V001200,Jet A-1,965,13064,925,13104,0.8,10451.2,AeroSupply,USD
